REFDES,PIN_NUMBER,SYM_NAME,COMP_DEVICE_TYPE,PAD_STACK_NAME,PIN_X,PIN_Y,NET_NAME
BGA,A1,UNNAMED_BGA,UNNAMED_BGA,BGA_450_350,-8925,8790.161,VSS
BGA,A3,UNNAMED_BGA,UNNAMED_BGA,BGA_450_350,-8225,8790.161,LVDS1_D0_N
BGA,A5,UNNAMED_BGA,UNNAMED_BGA,BGA_450_350,-7525,8790.161,LVDS0_CLK_N
BGA,A9,UNNAMED_BGA,UNNAMED_BGA,BGA_450_350,-6125,8790.161,MIPI_DSICSI1_D2_N
BGA,A13,UNNAMED_BGA,UNNAMED_BGA,BGA_450_350,-4725,8790.161,MIPI_DSICSI1_D1_N
BGA,A17,UNNAMED_BGA,UNNAMED_BGA,BGA_450_350,-3325,8790.161,USB1_RX1_N
BGA,A21,UNNAMED_BGA,UNNAMED_BGA,BGA_450_350,-1925,8790.161,USB1_RX0_P
BGA,A25,UNNAMED_BGA,UNNAMED_BGA,BGA_450_350,-525,8790.161,USB2_D_N
BGA,A29,UNNAMED_BGA,UNNAMED_BGA,BGA_450_350,875,8790.161,PCIE1_RX0_N
BGA,A33,UNNAMED_BGA,UNNAMED_BGA,BGA_450_350,2275,8790.161,PCIE2_REF_PAD_CLK_N
BGA,A37,UNNAMED_BGA,UNNAMED_BGA,BGA_450_350,3675,8790.161,ADC_IN0
BGA,A41,UNNAMED_BGA,UNNAMED_BGA,BGA_450_350,5075,8790.161,ADC_IN4
BGA,A45,UNNAMED_BGA,UNNAMED_BGA,BGA_450_350,6475,8790.161,ADC_IN7
BGA,A49,UNNAMED_BGA,UNNAMED_BGA,BGA_450_350,7875,8790.161,RTC_XTALO
BGA,A51,UNNAMED_BGA,UNNAMED_BGA,BGA_450_350,8575,8790.161,VSS
BGA,AA1,UNNAMED_BGA,UNNAMED_BGA,BGA_450_350,-8925,-3334.199,DRAM_RESET_N
BGA,AA3,UNNAMED_BGA,UNNAMED_BGA,BGA_450_350,-8225,-3334.199,VSS
BGA,AA5,UNNAMED_BGA,UNNAMED_BGA,BGA_450_350,-7525,-3334.199,DRAM_CA6_A
BGA,AA7,UNNAMED_BGA,UNNAMED_BGA,BGA_450_350,-6825,-3334.199,DRAM_CA4_A
BGA,AA9,UNNAMED_BGA,UNNAMED_BGA,BGA_450_350,-6125,-3334.199,VSS
BGA,AA11,UNNAMED_BGA,UNNAMED_BGA,BGA_450_350,-5425,-3334.199,DRAM_CA5_A
BGA,AA13,UNNAMED_BGA,UNNAMED_BGA,BGA_450_350,-4725,-3334.199,VDDQ_DDR
BGA,AA15,UNNAMED_BGA,UNNAMED_BGA,BGA_450_350,-4025,-3334.199,VSS
BGA,AA17,UNNAMED_BGA,UNNAMED_BGA,BGA_450_350,-3325,-3334.199,VDD_DDR_0P8
BGA,AA19,UNNAMED_BGA,UNNAMED_BGA,BGA_450_350,-2625,-3334.199,VSS
BGA,AA21,UNNAMED_BGA,UNNAMED_BGA,BGA_450_350,-1925,-3334.199,VDD_SOC
BGA,AA23,UNNAMED_BGA,UNNAMED_BGA,BGA_450_350,-1225,-3334.199,VSS
BGA,AA25,UNNAMED_BGA,UNNAMED_BGA,BGA_450_350,-525,-3334.199,VDD_SOC
BGA,AA27,UNNAMED_BGA,UNNAMED_BGA,BGA_450_350,175,-3334.199,VSS
BGA,AA29,UNNAMED_BGA,UNNAMED_BGA,BGA_450_350,875,-3334.199,VDD_SOC
BGA,AA31,UNNAMED_BGA,UNNAMED_BGA,BGA_450_350,1575,-3334.199,VSS
BGA,AA33,UNNAMED_BGA,UNNAMED_BGA,BGA_450_350,2275,-3334.199,VDD_SOC
BGA,AA35,UNNAMED_BGA,UNNAMED_BGA,BGA_450_350,2975,-3334.199,VSS
BGA,AA37,UNNAMED_BGA,UNNAMED_BGA,BGA_450_350,3675,-3334.199,VDD_SOC
BGA,AA39,UNNAMED_BGA,UNNAMED_BGA,BGA_450_350,4375,-3334.199,VSS
BGA,AA41,UNNAMED_BGA,UNNAMED_BGA,BGA_450_350,5075,-3334.199,VDD_ANAVDET_1P8
BGA,AA43,UNNAMED_BGA,UNNAMED_BGA,BGA_450_350,5775,-3334.199,VSS
BGA,AA45,UNNAMED_BGA,UNNAMED_BGA,BGA_450_350,6475,-3334.199,AUD_AUX
BGA,AA47,UNNAMED_BGA,UNNAMED_BGA,BGA_450_350,7175,-3334.199,VSS
BGA,AA49,UNNAMED_BGA,UNNAMED_BGA,BGA_450_350,7875,-3334.199,SD2_DATA3
BGA,AA51,UNNAMED_BGA,UNNAMED_BGA,BGA_450_350,8575,-3334.199,SD2_DATA2
BGA,AB2,UNNAMED_BGA,UNNAMED_BGA,BGA_450_350,-8575,-3940.417,DRAM_CA3_A
BGA,AB4,UNNAMED_BGA,UNNAMED_BGA,BGA_450_350,-7875,-3940.417,DRAM_LP4CKE_LP5CS1_A
BGA,AB6,UNNAMED_BGA,UNNAMED_BGA,BGA_450_350,-7175,-3940.417,VSS
BGA,AB8,UNNAMED_BGA,UNNAMED_BGA,BGA_450_350,-6475,-3940.417,DRAM_WCK0_T_A
BGA,AB10,UNNAMED_BGA,UNNAMED_BGA,BGA_450_350,-5775,-3940.417,DRAM_CA2_A
BGA,AB12,UNNAMED_BGA,UNNAMED_BGA,BGA_450_350,-5075,-3940.417,VDDQ_DDR
BGA,AB14,UNNAMED_BGA,UNNAMED_BGA,BGA_450_350,-4375,-3940.417,DEPOP
BGA,AB16,UNNAMED_BGA,UNNAMED_BGA,BGA_450_350,-3675,-3940.417,DEPOP
BGA,AB18,UNNAMED_BGA,UNNAMED_BGA,BGA_450_350,-2975,-3940.417,DEPOP
BGA,AB20,UNNAMED_BGA,UNNAMED_BGA,BGA_450_350,-2275,-3940.417,VSS
BGA,AB22,UNNAMED_BGA,UNNAMED_BGA,BGA_450_350,-1575,-3940.417,VSS
BGA,AB24,UNNAMED_BGA,UNNAMED_BGA,BGA_450_350,-875,-3940.417,VSS
BGA,AB26,UNNAMED_BGA,UNNAMED_BGA,BGA_450_350,-175,-3940.417,VDD_SOC
BGA,AB28,UNNAMED_BGA,UNNAMED_BGA,BGA_450_350,525,-3940.417,VSS
BGA,AB30,UNNAMED_BGA,UNNAMED_BGA,BGA_450_350,1225,-3940.417,VDD_SOC
BGA,AB32,UNNAMED_BGA,UNNAMED_BGA,BGA_450_350,1925,-3940.417,VSS
BGA,AB34,UNNAMED_BGA,UNNAMED_BGA,BGA_450_350,2625,-3940.417,VDD_SOC
BGA,AB36,UNNAMED_BGA,UNNAMED_BGA,BGA_450_350,3325,-3940.417,VSS
BGA,AB38,UNNAMED_BGA,UNNAMED_BGA,BGA_450_350,4025,-3940.417,VDD_SOC
BGA,AB40,UNNAMED_BGA,UNNAMED_BGA,BGA_450_350,4725,-3940.417,VSS
BGA,AB42,UNNAMED_BGA,UNNAMED_BGA,BGA_450_350,5425,-3940.417,VDD_EARC_1P8
BGA,AB44,UNNAMED_BGA,UNNAMED_BGA,BGA_450_350,6125,-3940.417,VSS
BGA,AB46,UNNAMED_BGA,UNNAMED_BGA,BGA_450_350,6825,-3940.417,VSS
BGA,AB48,UNNAMED_BGA,UNNAMED_BGA,BGA_450_350,7525,-3940.417,SD2_CLK
BGA,AB50,UNNAMED_BGA,UNNAMED_BGA,BGA_450_350,8225,-3940.417,VSS
BGA,AB52,UNNAMED_BGA,UNNAMED_BGA,BGA_450_350,8925,-3940.417,SD2_CMD
BGA,AC1,UNNAMED_BGA,UNNAMED_BGA,BGA_450_350,-8925,-4546.635,DRAM_DQ06_A
BGA,AC3,UNNAMED_BGA,UNNAMED_BGA,BGA_450_350,-8225,-4546.635,VSS
BGA,AC5,UNNAMED_BGA,UNNAMED_BGA,BGA_450_350,-7525,-4546.635,DRAM_DQ07_A
BGA,AC7,UNNAMED_BGA,UNNAMED_BGA,BGA_450_350,-6825,-4546.635,DRAM_WCK0_C_A
BGA,AC9,UNNAMED_BGA,UNNAMED_BGA,BGA_450_350,-6125,-4546.635,VSS
BGA,AC11,UNNAMED_BGA,UNNAMED_BGA,BGA_450_350,-5425,-4546.635,DRAM_CA7_A
BGA,AC13,UNNAMED_BGA,UNNAMED_BGA,BGA_450_350,-4725,-4546.635,DEPOP
BGA,AC15,UNNAMED_BGA,UNNAMED_BGA,BGA_450_350,-4025,-4546.635,DEPOP
BGA,AC17,UNNAMED_BGA,UNNAMED_BGA,BGA_450_350,-3325,-4546.635,DEPOP
BGA,AC19,UNNAMED_BGA,UNNAMED_BGA,BGA_450_350,-2625,-4546.635,VDD_ANA_1P8
BGA,AC21,UNNAMED_BGA,UNNAMED_BGA,BGA_450_350,-1925,-4546.635,VDD_ANA_1P8
BGA,AC23,UNNAMED_BGA,UNNAMED_BGA,BGA_450_350,-1225,-4546.635,NVCC_CCM_DAP
BGA,AC25,UNNAMED_BGA,UNNAMED_BGA,BGA_450_350,-525,-4546.635,NVCC_ENET
BGA,AC27,UNNAMED_BGA,UNNAMED_BGA,BGA_450_350,175,-4546.635,VSS
BGA,AC29,UNNAMED_BGA,UNNAMED_BGA,BGA_450_350,875,-4546.635,VSS
BGA,AC31,UNNAMED_BGA,UNNAMED_BGA,BGA_450_350,1575,-4546.635,VSS
BGA,AC33,UNNAMED_BGA,UNNAMED_BGA,BGA_450_350,2275,-4546.635,VSS
BGA,AC35,UNNAMED_BGA,UNNAMED_BGA,BGA_450_350,2975,-4546.635,VSS
BGA,AC37,UNNAMED_BGA,UNNAMED_BGA,BGA_450_350,3675,-4546.635,VSS
BGA,AC39,UNNAMED_BGA,UNNAMED_BGA,BGA_450_350,4375,-4546.635,VSS
BGA,AC41,UNNAMED_BGA,UNNAMED_BGA,BGA_450_350,5075,-4546.635,VDD_EARC_1P8
BGA,AC43,UNNAMED_BGA,UNNAMED_BGA,BGA_450_350,5775,-4546.635,VSS
BGA,AC45,UNNAMED_BGA,UNNAMED_BGA,BGA_450_350,6475,-4546.635,SD1_DATA7
BGA,AC47,UNNAMED_BGA,UNNAMED_BGA,BGA_450_350,7175,-4546.635,VSS
BGA,AC49,UNNAMED_BGA,UNNAMED_BGA,BGA_450_350,7875,-4546.635,SD2_DATA1
BGA,AC51,UNNAMED_BGA,UNNAMED_BGA,BGA_450_350,8575,-4546.635,SD2_DATA0
BGA,AD2,UNNAMED_BGA,UNNAMED_BGA,BGA_450_350,-8575,-5152.853,DRAM_DQ04_A
BGA,AD4,UNNAMED_BGA,UNNAMED_BGA,BGA_450_350,-7875,-5152.853,DRAM_DQ05_A
BGA,AD6,UNNAMED_BGA,UNNAMED_BGA,BGA_450_350,-7175,-5152.853,VSS
BGA,AD8,UNNAMED_BGA,UNNAMED_BGA,BGA_450_350,-6475,-5152.853,DRAM_DQS0_C_A
BGA,AD10,UNNAMED_BGA,UNNAMED_BGA,BGA_450_350,-5775,-5152.853,DRAM_DQS0_T_A
BGA,AD12,UNNAMED_BGA,UNNAMED_BGA,BGA_450_350,-5075,-5152.853,VDDQ_DDR
BGA,AD14,UNNAMED_BGA,UNNAMED_BGA,BGA_450_350,-4375,-5152.853,VSS
BGA,AD16,UNNAMED_BGA,UNNAMED_BGA,BGA_450_350,-3675,-5152.853,VSS
BGA,AD18,UNNAMED_BGA,UNNAMED_BGA,BGA_450_350,-2975,-5152.853,VDD_ETH_0P8
BGA,AD20,UNNAMED_BGA,UNNAMED_BGA,BGA_450_350,-2275,-5152.853,VDD_ETH_1P8
BGA,AD22,UNNAMED_BGA,UNNAMED_BGA,BGA_450_350,-1575,-5152.853,VDD_ETH_1P8
BGA,AD24,UNNAMED_BGA,UNNAMED_BGA,BGA_450_350,-875,-5152.853,NVCC_CCM_DAP
BGA,AD26,UNNAMED_BGA,UNNAMED_BGA,BGA_450_350,-175,-5152.853,NVCC_ENET
BGA,AD28,UNNAMED_BGA,UNNAMED_BGA,BGA_450_350,525,-5152.853,VDD_ANA_0P8
BGA,AD30,UNNAMED_BGA,UNNAMED_BGA,BGA_450_350,1225,-5152.853,VDD_ANA_0P8
BGA,AD32,UNNAMED_BGA,UNNAMED_BGA,BGA_450_350,1925,-5152.853,NVCC_WAKEUP
BGA,AD34,UNNAMED_BGA,UNNAMED_BGA,BGA_450_350,2625,-5152.853,NVCC_WAKEUP
BGA,AD36,UNNAMED_BGA,UNNAMED_BGA,BGA_450_350,3325,-5152.853,NVCC_SD2
BGA,AD38,UNNAMED_BGA,UNNAMED_BGA,BGA_450_350,4025,-5152.853,NVCC_SD2
BGA,AD40,UNNAMED_BGA,UNNAMED_BGA,BGA_450_350,4725,-5152.853,VSS_SOC_SENSE
BGA,AD42,UNNAMED_BGA,UNNAMED_BGA,BGA_450_350,5425,-5152.853,VDD_SOC_SENSE
BGA,AD44,UNNAMED_BGA,UNNAMED_BGA,BGA_450_350,6125,-5152.853,SD1_DATA6
BGA,AD46,UNNAMED_BGA,UNNAMED_BGA,BGA_450_350,6825,-5152.853,SD1_DATA2
BGA,AD48,UNNAMED_BGA,UNNAMED_BGA,BGA_450_350,7525,-5152.853,SD2_CD_B
BGA,AD50,UNNAMED_BGA,UNNAMED_BGA,BGA_450_350,8225,-5152.853,VSS
BGA,AD52,UNNAMED_BGA,UNNAMED_BGA,BGA_450_350,8925,-5152.853,SD2_RESET_B
BGA,AE1,UNNAMED_BGA,UNNAMED_BGA,BGA_450_350,-8925,-5759.071,DRAM_DQ01_A
BGA,AE3,UNNAMED_BGA,UNNAMED_BGA,BGA_450_350,-8225,-5759.071,VSS
BGA,AE5,UNNAMED_BGA,UNNAMED_BGA,BGA_450_350,-7525,-5759.071,DRAM_DQ03_A
BGA,AE7,UNNAMED_BGA,UNNAMED_BGA,BGA_450_350,-6825,-5759.071,DRAM_DQ14_A
BGA,AE9,UNNAMED_BGA,UNNAMED_BGA,BGA_450_350,-6125,-5759.071,VSS
BGA,AE11,UNNAMED_BGA,UNNAMED_BGA,BGA_450_350,-5425,-5759.071,DRAM_DQ13_A
BGA,AE13,UNNAMED_BGA,UNNAMED_BGA,BGA_450_350,-4725,-5759.071,VDDQ_DDR
BGA,AE15,UNNAMED_BGA,UNNAMED_BGA,BGA_450_350,-4025,-5759.071,VSS
BGA,AE17,UNNAMED_BGA,UNNAMED_BGA,BGA_450_350,-3325,-5759.071,VDD_ETH_0P8
BGA,AE19,UNNAMED_BGA,UNNAMED_BGA,BGA_450_350,-2625,-5759.071,VSS
BGA,AE21,UNNAMED_BGA,UNNAMED_BGA,BGA_450_350,-1925,-5759.071,VSS
BGA,AE23,UNNAMED_BGA,UNNAMED_BGA,BGA_450_350,-1225,-5759.071,VSS
BGA,AE25,UNNAMED_BGA,UNNAMED_BGA,BGA_450_350,-525,-5759.071,VSS
BGA,AE27,UNNAMED_BGA,UNNAMED_BGA,BGA_450_350,175,-5759.071,VSS
BGA,AE29,UNNAMED_BGA,UNNAMED_BGA,BGA_450_350,875,-5759.071,VSS
BGA,AE31,UNNAMED_BGA,UNNAMED_BGA,BGA_450_350,1575,-5759.071,VSS
BGA,AE33,UNNAMED_BGA,UNNAMED_BGA,BGA_450_350,2275,-5759.071,VSS
BGA,AE35,UNNAMED_BGA,UNNAMED_BGA,BGA_450_350,2975,-5759.071,VSS
BGA,AE37,UNNAMED_BGA,UNNAMED_BGA,BGA_450_350,3675,-5759.071,VSS
BGA,AE39,UNNAMED_BGA,UNNAMED_BGA,BGA_450_350,4375,-5759.071,VSS
BGA,AE41,UNNAMED_BGA,UNNAMED_BGA,BGA_450_350,5075,-5759.071,VSS
BGA,AE43,UNNAMED_BGA,UNNAMED_BGA,BGA_450_350,5775,-5759.071,VSS
BGA,AE45,UNNAMED_BGA,UNNAMED_BGA,BGA_450_350,6475,-5759.071,SD1_DATA1
BGA,AE47,UNNAMED_BGA,UNNAMED_BGA,BGA_450_350,7175,-5759.071,VSS
BGA,AE49,UNNAMED_BGA,UNNAMED_BGA,BGA_450_350,7875,-5759.071,SD3_DATA2
BGA,AE51,UNNAMED_BGA,UNNAMED_BGA,BGA_450_350,8575,-5759.071,SD2_VSELECT
BGA,AF2,UNNAMED_BGA,UNNAMED_BGA,BGA_450_350,-8575,-6365.289,DRAM_DMI0_A
BGA,AF4,UNNAMED_BGA,UNNAMED_BGA,BGA_450_350,-7875,-6365.289,DRAM_DQ02_A
BGA,AF6,UNNAMED_BGA,UNNAMED_BGA,BGA_450_350,-7175,-6365.289,VSS
BGA,AF8,UNNAMED_BGA,UNNAMED_BGA,BGA_450_350,-6475,-6365.289,DRAM_DQ15_A
BGA,AF10,UNNAMED_BGA,UNNAMED_BGA,BGA_450_350,-5775,-6365.289,DRAM_DQ10_A
BGA,AF12,UNNAMED_BGA,UNNAMED_BGA,BGA_450_350,-5075,-6365.289,VSS
BGA,AF14,UNNAMED_BGA,UNNAMED_BGA,BGA_450_350,-4375,-6365.289,ETH_REF_PAD_CLK_N
BGA,AF16,UNNAMED_BGA,UNNAMED_BGA,BGA_450_350,-3675,-6365.289,VSS
BGA,AF18,UNNAMED_BGA,UNNAMED_BGA,BGA_450_350,-2975,-6365.289,VSS
BGA,AF20,UNNAMED_BGA,UNNAMED_BGA,BGA_450_350,-2275,-6365.289,CCM_CLKO2
BGA,AF22,UNNAMED_BGA,UNNAMED_BGA,BGA_450_350,-1575,-6365.289,VSS
BGA,AF24,UNNAMED_BGA,UNNAMED_BGA,BGA_450_350,-875,-6365.289,ENET2_TX_CTL
BGA,AF26,UNNAMED_BGA,UNNAMED_BGA,BGA_450_350,-175,-6365.289,VSS
BGA,AF28,UNNAMED_BGA,UNNAMED_BGA,BGA_450_350,525,-6365.289,ENET2_TD2
BGA,AF30,UNNAMED_BGA,UNNAMED_BGA,BGA_450_350,1225,-6365.289,VSS
BGA,AF32,UNNAMED_BGA,UNNAMED_BGA,BGA_450_350,1925,-6365.289,ENET1_TX_CTL
BGA,AF34,UNNAMED_BGA,UNNAMED_BGA,BGA_450_350,2625,-6365.289,VSS
BGA,AF36,UNNAMED_BGA,UNNAMED_BGA,BGA_450_350,3325,-6365.289,ENET1_TD2
BGA,AF38,UNNAMED_BGA,UNNAMED_BGA,BGA_450_350,4025,-6365.289,VSS
BGA,AF40,UNNAMED_BGA,UNNAMED_BGA,BGA_450_350,4725,-6365.289,SD1_CMD
BGA,AF42,UNNAMED_BGA,UNNAMED_BGA,BGA_450_350,5425,-6365.289,VSS
BGA,AF44,UNNAMED_BGA,UNNAMED_BGA,BGA_450_350,6125,-6365.289,SD1_DATA4
BGA,AF46,UNNAMED_BGA,UNNAMED_BGA,BGA_450_350,6825,-6365.289,VSS
BGA,AF48,UNNAMED_BGA,UNNAMED_BGA,BGA_450_350,7525,-6365.289,SD3_CMD
BGA,AF50,UNNAMED_BGA,UNNAMED_BGA,BGA_450_350,8225,-6365.289,VSS
BGA,AF52,UNNAMED_BGA,UNNAMED_BGA,BGA_450_350,8925,-6365.289,SD3_DATA3
BGA,AG1,UNNAMED_BGA,UNNAMED_BGA,BGA_450_350,-8925,-6971.507,DRAM_DQ00_A
BGA,AG3,UNNAMED_BGA,UNNAMED_BGA,BGA_450_350,-8225,-6971.507,VSS
BGA,AG5,UNNAMED_BGA,UNNAMED_BGA,BGA_450_350,-7525,-6971.507,VSS
BGA,AG7,UNNAMED_BGA,UNNAMED_BGA,BGA_450_350,-6825,-6971.507,DRAM_DQ12_A
BGA,AG9,UNNAMED_BGA,UNNAMED_BGA,BGA_450_350,-6125,-6971.507,VSS
BGA,AG11,UNNAMED_BGA,UNNAMED_BGA,BGA_450_350,-5425,-6971.507,DRAM_DQ11_A
BGA,AG13,UNNAMED_BGA,UNNAMED_BGA,BGA_450_350,-4725,-6971.507,VSS
BGA,AG15,UNNAMED_BGA,UNNAMED_BGA,BGA_450_350,-4025,-6971.507,ETH_REF_PAD_CLK_P
BGA,AG17,UNNAMED_BGA,UNNAMED_BGA,BGA_450_350,-3325,-6971.507,ETH_RESREF
BGA,AG19,UNNAMED_BGA,UNNAMED_BGA,BGA_450_350,-2625,-6971.507,VSS
BGA,AG21,UNNAMED_BGA,UNNAMED_BGA,BGA_450_350,-1925,-6971.507,DAP_TCLK_SWCLK
BGA,AG23,UNNAMED_BGA,UNNAMED_BGA,BGA_450_350,-1225,-6971.507,ENET2_TXC
BGA,AG25,UNNAMED_BGA,UNNAMED_BGA,BGA_450_350,-525,-6971.507,ENET2_TD0
BGA,AG27,UNNAMED_BGA,UNNAMED_BGA,BGA_450_350,175,-6971.507,ENET2_TD1
BGA,AG29,UNNAMED_BGA,UNNAMED_BGA,BGA_450_350,875,-6971.507,ENET2_TD3
BGA,AG31,UNNAMED_BGA,UNNAMED_BGA,BGA_450_350,1575,-6971.507,ENET1_TXC
BGA,AG33,UNNAMED_BGA,UNNAMED_BGA,BGA_450_350,2275,-6971.507,ENET1_TD0
BGA,AG35,UNNAMED_BGA,UNNAMED_BGA,BGA_450_350,2975,-6971.507,ENET1_TD1
BGA,AG37,UNNAMED_BGA,UNNAMED_BGA,BGA_450_350,3675,-6971.507,ENET1_TD3
BGA,AG39,UNNAMED_BGA,UNNAMED_BGA,BGA_450_350,4375,-6971.507,SD1_CLK
BGA,AG41,UNNAMED_BGA,UNNAMED_BGA,BGA_450_350,5075,-6971.507,SD1_STROBE
BGA,AG43,UNNAMED_BGA,UNNAMED_BGA,BGA_450_350,5775,-6971.507,SD1_DATA3
BGA,AG45,UNNAMED_BGA,UNNAMED_BGA,BGA_450_350,6475,-6971.507,SD1_DATA0
BGA,AG47,UNNAMED_BGA,UNNAMED_BGA,BGA_450_350,7175,-6971.507,SD1_DATA5
BGA,AG49,UNNAMED_BGA,UNNAMED_BGA,BGA_450_350,7875,-6971.507,SD3_DATA0
BGA,AG51,UNNAMED_BGA,UNNAMED_BGA,BGA_450_350,8575,-6971.507,SD3_CLK
BGA,AH2,UNNAMED_BGA,UNNAMED_BGA,BGA_450_350,-8575,-7577.725,DRAM_WCK1_T_A
BGA,AH4,UNNAMED_BGA,UNNAMED_BGA,BGA_450_350,-7875,-7577.725,DRAM_WCK1_C_A
BGA,AH6,UNNAMED_BGA,UNNAMED_BGA,BGA_450_350,-7175,-7577.725,VSS
BGA,AH8,UNNAMED_BGA,UNNAMED_BGA,BGA_450_350,-6475,-7577.725,DRAM_DMI1_A
BGA,AH10,UNNAMED_BGA,UNNAMED_BGA,BGA_450_350,-5775,-7577.725,DRAM_DQ09_A
BGA,AH12,UNNAMED_BGA,UNNAMED_BGA,BGA_450_350,-5075,-7577.725,VSS
BGA,AH14,UNNAMED_BGA,UNNAMED_BGA,BGA_450_350,-4375,-7577.725,VSS
BGA,AH16,UNNAMED_BGA,UNNAMED_BGA,BGA_450_350,-3675,-7577.725,VSS
BGA,AH18,UNNAMED_BGA,UNNAMED_BGA,BGA_450_350,-2975,-7577.725,VSS
BGA,AH20,UNNAMED_BGA,UNNAMED_BGA,BGA_450_350,-2275,-7577.725,CCM_CLKO1
BGA,AH22,UNNAMED_BGA,UNNAMED_BGA,BGA_450_350,-1575,-7577.725,DAP_TMS_SWDIO
BGA,AH24,UNNAMED_BGA,UNNAMED_BGA,BGA_450_350,-875,-7577.725,VSS
BGA,AH26,UNNAMED_BGA,UNNAMED_BGA,BGA_450_350,-175,-7577.725,ENET2_RX_CTL
BGA,AH28,UNNAMED_BGA,UNNAMED_BGA,BGA_450_350,525,-7577.725,VSS
BGA,AH30,UNNAMED_BGA,UNNAMED_BGA,BGA_450_350,1225,-7577.725,ENET2_RD3
BGA,AH32,UNNAMED_BGA,UNNAMED_BGA,BGA_450_350,1925,-7577.725,VSS
BGA,AH34,UNNAMED_BGA,UNNAMED_BGA,BGA_450_350,2625,-7577.725,ENET1_RX_CTL
BGA,AH36,UNNAMED_BGA,UNNAMED_BGA,BGA_450_350,3325,-7577.725,VSS
BGA,AH38,UNNAMED_BGA,UNNAMED_BGA,BGA_450_350,4025,-7577.725,ENET1_RD3
BGA,AH40,UNNAMED_BGA,UNNAMED_BGA,BGA_450_350,4725,-7577.725,VSS
BGA,AH42,UNNAMED_BGA,UNNAMED_BGA,BGA_450_350,5425,-7577.725,XSPI1_SS1_B
BGA,AH44,UNNAMED_BGA,UNNAMED_BGA,BGA_450_350,6125,-7577.725,VSS
BGA,AH46,UNNAMED_BGA,UNNAMED_BGA,BGA_450_350,6825,-7577.725,XSPI1_DATA1
BGA,AH48,UNNAMED_BGA,UNNAMED_BGA,BGA_450_350,7525,-7577.725,VSS
BGA,AH50,UNNAMED_BGA,UNNAMED_BGA,BGA_450_350,8225,-7577.725,XSPI1_DATA7
BGA,AH52,UNNAMED_BGA,UNNAMED_BGA,BGA_450_350,8925,-7577.725,SD3_DATA1
BGA,AJ1,UNNAMED_BGA,UNNAMED_BGA,BGA_450_350,-8925,-8183.943,VSS
BGA,AJ3,UNNAMED_BGA,UNNAMED_BGA,BGA_450_350,-8225,-8183.943,DRAM_DQS1_C_A
BGA,AJ5,UNNAMED_BGA,UNNAMED_BGA,BGA_450_350,-7525,-8183.943,VSS
BGA,AJ7,UNNAMED_BGA,UNNAMED_BGA,BGA_450_350,-6825,-8183.943,DRAM_DQ08_A
BGA,AJ9,UNNAMED_BGA,UNNAMED_BGA,BGA_450_350,-6125,-8183.943,VSS
BGA,AJ11,UNNAMED_BGA,UNNAMED_BGA,BGA_450_350,-5425,-8183.943,VSS
BGA,AJ13,UNNAMED_BGA,UNNAMED_BGA,BGA_450_350,-4725,-8183.943,ETH_RX0_P
BGA,AJ15,UNNAMED_BGA,UNNAMED_BGA,BGA_450_350,-4025,-8183.943,VSS
BGA,AJ17,UNNAMED_BGA,UNNAMED_BGA,BGA_450_350,-3325,-8183.943,ETH_TX0_P
BGA,AJ19,UNNAMED_BGA,UNNAMED_BGA,BGA_450_350,-2625,-8183.943,VSS
BGA,AJ21,UNNAMED_BGA,UNNAMED_BGA,BGA_450_350,-1925,-8183.943,CCM_CLKO4
BGA,AJ23,UNNAMED_BGA,UNNAMED_BGA,BGA_450_350,-1225,-8183.943,DAP_TDO_TRACESWO
BGA,AJ25,UNNAMED_BGA,UNNAMED_BGA,BGA_450_350,-525,-8183.943,ENET2_RXC
BGA,AJ27,UNNAMED_BGA,UNNAMED_BGA,BGA_450_350,175,-8183.943,ENET2_RD0
BGA,AJ29,UNNAMED_BGA,UNNAMED_BGA,BGA_450_350,875,-8183.943,ENET2_RD2
BGA,AJ31,UNNAMED_BGA,UNNAMED_BGA,BGA_450_350,1575,-8183.943,ENET2_MDIO
BGA,AJ33,UNNAMED_BGA,UNNAMED_BGA,BGA_450_350,2275,-8183.943,ENET1_RXC
BGA,AJ35,UNNAMED_BGA,UNNAMED_BGA,BGA_450_350,2975,-8183.943,ENET1_RD0
BGA,AJ37,UNNAMED_BGA,UNNAMED_BGA,BGA_450_350,3675,-8183.943,ENET1_RD2
BGA,AJ39,UNNAMED_BGA,UNNAMED_BGA,BGA_450_350,4375,-8183.943,ENET1_MDIO
BGA,AJ41,UNNAMED_BGA,UNNAMED_BGA,BGA_450_350,5075,-8183.943,XSPI1_SS0_B
BGA,AJ43,UNNAMED_BGA,UNNAMED_BGA,BGA_450_350,5775,-8183.943,XSPI1_SCLK
BGA,AJ45,UNNAMED_BGA,UNNAMED_BGA,BGA_450_350,6475,-8183.943,XSPI1_DATA0
BGA,AJ47,UNNAMED_BGA,UNNAMED_BGA,BGA_450_350,7175,-8183.943,XSPI1_DATA2
BGA,AJ49,UNNAMED_BGA,UNNAMED_BGA,BGA_450_350,7875,-8183.943,XSPI1_DATA4
BGA,AJ51,UNNAMED_BGA,UNNAMED_BGA,BGA_450_350,8575,-8183.943,XSPI1_DATA6
BGA,AK2,UNNAMED_BGA,UNNAMED_BGA,BGA_450_350,-8575,-8790.161,VSS
BGA,AK4,UNNAMED_BGA,UNNAMED_BGA,BGA_450_350,-7875,-8790.161,DRAM_DQS1_T_A
BGA,AK8,UNNAMED_BGA,UNNAMED_BGA,BGA_450_350,-6475,-8790.161,VSS
BGA,AK12,UNNAMED_BGA,UNNAMED_BGA,BGA_450_350,-5075,-8790.161,ETH_RX0_N
BGA,AK16,UNNAMED_BGA,UNNAMED_BGA,BGA_450_350,-3675,-8790.161,ETH_TX0_N
BGA,AK20,UNNAMED_BGA,UNNAMED_BGA,BGA_450_350,-2275,-8790.161,CCM_CLKO3
BGA,AK24,UNNAMED_BGA,UNNAMED_BGA,BGA_450_350,-875,-8790.161,DAP_TDI
BGA,AK28,UNNAMED_BGA,UNNAMED_BGA,BGA_450_350,525,-8790.161,ENET2_RD1
BGA,AK32,UNNAMED_BGA,UNNAMED_BGA,BGA_450_350,1925,-8790.161,ENET2_MDC
BGA,AK36,UNNAMED_BGA,UNNAMED_BGA,BGA_450_350,3325,-8790.161,ENET1_RD1
BGA,AK40,UNNAMED_BGA,UNNAMED_BGA,BGA_450_350,4725,-8790.161,ENET1_MDC
BGA,AK44,UNNAMED_BGA,UNNAMED_BGA,BGA_450_350,6125,-8790.161,XSPI1_DQS
BGA,AK48,UNNAMED_BGA,UNNAMED_BGA,BGA_450_350,7525,-8790.161,XSPI1_DATA3
BGA,AK50,UNNAMED_BGA,UNNAMED_BGA,BGA_450_350,8225,-8790.161,XSPI1_DATA5
BGA,AK52,UNNAMED_BGA,UNNAMED_BGA,BGA_450_350,8925,-8790.161,VSS
BGA,B2,UNNAMED_BGA,UNNAMED_BGA,BGA_450_350,-8575,8183.943,LVDS1_D0_P
BGA,B4,UNNAMED_BGA,UNNAMED_BGA,BGA_450_350,-7875,8183.943,LVDS0_CLK_P
BGA,B6,UNNAMED_BGA,UNNAMED_BGA,BGA_450_350,-7175,8183.943,MIPI_DSICSI1_D3_P
BGA,B8,UNNAMED_BGA,UNNAMED_BGA,BGA_450_350,-6475,8183.943,MIPI_DSICSI1_D2_P
BGA,B10,UNNAMED_BGA,UNNAMED_BGA,BGA_450_350,-5775,8183.943,MIPI_DSICSI1_CLK_P
BGA,B12,UNNAMED_BGA,UNNAMED_BGA,BGA_450_350,-5075,8183.943,MIPI_DSICSI1_D1_P
BGA,B14,UNNAMED_BGA,UNNAMED_BGA,BGA_450_350,-4375,8183.943,MIPI_DSICSI1_D0_P
BGA,B16,UNNAMED_BGA,UNNAMED_BGA,BGA_450_350,-3675,8183.943,USB1_RX1_P
BGA,B18,UNNAMED_BGA,UNNAMED_BGA,BGA_450_350,-2975,8183.943,USB1_D_N
BGA,B20,UNNAMED_BGA,UNNAMED_BGA,BGA_450_350,-2275,8183.943,USB1_RX0_N
BGA,B22,UNNAMED_BGA,UNNAMED_BGA,BGA_450_350,-1575,8183.943,USB1_TXRTUNE
BGA,B24,UNNAMED_BGA,UNNAMED_BGA,BGA_450_350,-875,8183.943,USB2_D_P
BGA,B26,UNNAMED_BGA,UNNAMED_BGA,BGA_450_350,-175,8183.943,PCIE_REF_OUT_CLK_P
BGA,B28,UNNAMED_BGA,UNNAMED_BGA,BGA_450_350,525,8183.943,PCIE1_RX0_P
BGA,B30,UNNAMED_BGA,UNNAMED_BGA,BGA_450_350,1225,8183.943,PCIE1_REF_PAD_CLK_P
BGA,B32,UNNAMED_BGA,UNNAMED_BGA,BGA_450_350,1925,8183.943,PCIE2_REF_PAD_CLK_P
BGA,B34,UNNAMED_BGA,UNNAMED_BGA,BGA_450_350,2625,8183.943,PCIE2_RX0_P
BGA,B36,UNNAMED_BGA,UNNAMED_BGA,BGA_450_350,3325,8183.943,VSS
BGA,B38,UNNAMED_BGA,UNNAMED_BGA,BGA_450_350,4025,8183.943,ADC_IN1
BGA,B40,UNNAMED_BGA,UNNAMED_BGA,BGA_450_350,4725,8183.943,ADC_IN3
BGA,B42,UNNAMED_BGA,UNNAMED_BGA,BGA_450_350,5425,8183.943,ADC_IN5
BGA,B44,UNNAMED_BGA,UNNAMED_BGA,BGA_450_350,6125,8183.943,ADC_IN6
BGA,B46,UNNAMED_BGA,UNNAMED_BGA,BGA_450_350,6825,8183.943,VSS
BGA,B48,UNNAMED_BGA,UNNAMED_BGA,BGA_450_350,7525,8183.943,RTC_XTALI
BGA,B50,UNNAMED_BGA,UNNAMED_BGA,BGA_450_350,8225,8183.943,XTALI_24M
BGA,B52,UNNAMED_BGA,UNNAMED_BGA,BGA_450_350,8925,8183.943,VSS
BGA,C1,UNNAMED_BGA,UNNAMED_BGA,BGA_450_350,-8925,7577.725,LVDS1_D1_P
BGA,C3,UNNAMED_BGA,UNNAMED_BGA,BGA_450_350,-8225,7577.725,LVDS1_D1_N
BGA,C5,UNNAMED_BGA,UNNAMED_BGA,BGA_450_350,-7525,7577.725,VSS
BGA,C7,UNNAMED_BGA,UNNAMED_BGA,BGA_450_350,-6825,7577.725,MIPI_DSICSI1_D3_N
BGA,C9,UNNAMED_BGA,UNNAMED_BGA,BGA_450_350,-6125,7577.725,VSS
BGA,C11,UNNAMED_BGA,UNNAMED_BGA,BGA_450_350,-5425,7577.725,MIPI_DSICSI1_CLK_N
BGA,C13,UNNAMED_BGA,UNNAMED_BGA,BGA_450_350,-4725,7577.725,VSS
BGA,C15,UNNAMED_BGA,UNNAMED_BGA,BGA_450_350,-4025,7577.725,MIPI_DSICSI1_D0_N
BGA,C17,UNNAMED_BGA,UNNAMED_BGA,BGA_450_350,-3325,7577.725,VSS
BGA,C19,UNNAMED_BGA,UNNAMED_BGA,BGA_450_350,-2625,7577.725,USB1_D_P
BGA,C21,UNNAMED_BGA,UNNAMED_BGA,BGA_450_350,-1925,7577.725,VSS
BGA,C23,UNNAMED_BGA,UNNAMED_BGA,BGA_450_350,-1225,7577.725,USB1_DNU
BGA,C25,UNNAMED_BGA,UNNAMED_BGA,BGA_450_350,-525,7577.725,VSS
BGA,C27,UNNAMED_BGA,UNNAMED_BGA,BGA_450_350,175,7577.725,PCIE_REF_OUT_CLK_N
BGA,C29,UNNAMED_BGA,UNNAMED_BGA,BGA_450_350,875,7577.725,VSS
BGA,C31,UNNAMED_BGA,UNNAMED_BGA,BGA_450_350,1575,7577.725,PCIE1_REF_PAD_CLK_N
BGA,C33,UNNAMED_BGA,UNNAMED_BGA,BGA_450_350,2275,7577.725,VSS
BGA,C35,UNNAMED_BGA,UNNAMED_BGA,BGA_450_350,2975,7577.725,PCIE2_RX0_N
BGA,C37,UNNAMED_BGA,UNNAMED_BGA,BGA_450_350,3675,7577.725,VSS
BGA,C39,UNNAMED_BGA,UNNAMED_BGA,BGA_450_350,4375,7577.725,ADC_IN2
BGA,C41,UNNAMED_BGA,UNNAMED_BGA,BGA_450_350,5075,7577.725,VSS
BGA,C43,UNNAMED_BGA,UNNAMED_BGA,BGA_450_350,5775,7577.725,PMIC_STBY_REQ
BGA,C45,UNNAMED_BGA,UNNAMED_BGA,BGA_450_350,6475,7577.725,VSS
BGA,C47,UNNAMED_BGA,UNNAMED_BGA,BGA_450_350,7175,7577.725,VSS
BGA,C49,UNNAMED_BGA,UNNAMED_BGA,BGA_450_350,7875,7577.725,VSS
BGA,C51,UNNAMED_BGA,UNNAMED_BGA,BGA_450_350,8575,7577.725,XTALO_24M
BGA,D2,UNNAMED_BGA,UNNAMED_BGA,BGA_450_350,-8575,6971.507,LVDS1_CLK_P
BGA,D4,UNNAMED_BGA,UNNAMED_BGA,BGA_450_350,-7875,6971.507,LVDS1_CLK_N
BGA,D6,UNNAMED_BGA,UNNAMED_BGA,BGA_450_350,-7175,6971.507,LVDS0_D2_P
BGA,D8,UNNAMED_BGA,UNNAMED_BGA,BGA_450_350,-6475,6971.507,LVDS0_D3_P
BGA,D10,UNNAMED_BGA,UNNAMED_BGA,BGA_450_350,-5775,6971.507,VSS
BGA,D12,UNNAMED_BGA,UNNAMED_BGA,BGA_450_350,-5075,6971.507,VSS
BGA,D14,UNNAMED_BGA,UNNAMED_BGA,BGA_450_350,-4375,6971.507,MIPI_CSI1_D2_N
BGA,D16,UNNAMED_BGA,UNNAMED_BGA,BGA_450_350,-3675,6971.507,VSS
BGA,D18,UNNAMED_BGA,UNNAMED_BGA,BGA_450_350,-2975,6971.507,MIPI_CSI1_D1_N
BGA,D20,UNNAMED_BGA,UNNAMED_BGA,BGA_450_350,-2275,6971.507,VSS
BGA,D22,UNNAMED_BGA,UNNAMED_BGA,BGA_450_350,-1575,6971.507,USB1_TX1_N
BGA,D24,UNNAMED_BGA,UNNAMED_BGA,BGA_450_350,-875,6971.507,VSS
BGA,D26,UNNAMED_BGA,UNNAMED_BGA,BGA_450_350,-175,6971.507,USB1_TX0_P
BGA,D28,UNNAMED_BGA,UNNAMED_BGA,BGA_450_350,525,6971.507,VSS
BGA,D30,UNNAMED_BGA,UNNAMED_BGA,BGA_450_350,1225,6971.507,PCIE1_TX0_N
BGA,D32,UNNAMED_BGA,UNNAMED_BGA,BGA_450_350,1925,6971.507,VSS
BGA,D34,UNNAMED_BGA,UNNAMED_BGA,BGA_450_350,2625,6971.507,VSS
BGA,D36,UNNAMED_BGA,UNNAMED_BGA,BGA_450_350,3325,6971.507,VSS
BGA,D38,UNNAMED_BGA,UNNAMED_BGA,BGA_450_350,4025,6971.507,TAMPER1
BGA,D40,UNNAMED_BGA,UNNAMED_BGA,BGA_450_350,4725,6971.507,VSS
BGA,D42,UNNAMED_BGA,UNNAMED_BGA,BGA_450_350,5425,6971.507,POR_B
BGA,D44,UNNAMED_BGA,UNNAMED_BGA,BGA_450_350,6125,6971.507,PMIC_ON_REQ
BGA,D46,UNNAMED_BGA,UNNAMED_BGA,BGA_450_350,6825,6971.507,VSS
BGA,D48,UNNAMED_BGA,UNNAMED_BGA,BGA_450_350,7525,6971.507,I2C1_SCL
BGA,D50,UNNAMED_BGA,UNNAMED_BGA,BGA_450_350,8225,6971.507,VSS
BGA,D52,UNNAMED_BGA,UNNAMED_BGA,BGA_450_350,8925,6971.507,I2C1_SDA
BGA,E1,UNNAMED_BGA,UNNAMED_BGA,BGA_450_350,-8925,6365.289,LVDS1_D2_P
BGA,E3,UNNAMED_BGA,UNNAMED_BGA,BGA_450_350,-8225,6365.289,LVDS1_D2_N
BGA,E5,UNNAMED_BGA,UNNAMED_BGA,BGA_450_350,-7525,6365.289,VSS
BGA,E7,UNNAMED_BGA,UNNAMED_BGA,BGA_450_350,-6825,6365.289,LVDS0_D2_N
BGA,E9,UNNAMED_BGA,UNNAMED_BGA,BGA_450_350,-6125,6365.289,LVDS0_D3_N
BGA,E11,UNNAMED_BGA,UNNAMED_BGA,BGA_450_350,-5425,6365.289,MIPI_CSI1_D3_P
BGA,E13,UNNAMED_BGA,UNNAMED_BGA,BGA_450_350,-4725,6365.289,MIPI_CSI1_D2_P
BGA,E15,UNNAMED_BGA,UNNAMED_BGA,BGA_450_350,-4025,6365.289,MIPI_CSI1_CLK_P
BGA,E17,UNNAMED_BGA,UNNAMED_BGA,BGA_450_350,-3325,6365.289,MIPI_CSI1_D1_P
BGA,E19,UNNAMED_BGA,UNNAMED_BGA,BGA_450_350,-2625,6365.289,MIPI_CSI1_D0_P
BGA,E21,UNNAMED_BGA,UNNAMED_BGA,BGA_450_350,-1925,6365.289,USB1_TX1_P
BGA,E23,UNNAMED_BGA,UNNAMED_BGA,BGA_450_350,-1225,6365.289,USB1_VBUS
BGA,E25,UNNAMED_BGA,UNNAMED_BGA,BGA_450_350,-525,6365.289,USB1_TX0_N
BGA,E27,UNNAMED_BGA,UNNAMED_BGA,BGA_450_350,175,6365.289,USB2_VBUS
BGA,E29,UNNAMED_BGA,UNNAMED_BGA,BGA_450_350,875,6365.289,PCIE1_TX0_P
BGA,E31,UNNAMED_BGA,UNNAMED_BGA,BGA_450_350,1575,6365.289,PCIE2_TX0_P
BGA,E33,UNNAMED_BGA,UNNAMED_BGA,BGA_450_350,2275,6365.289,PCIE_RESREF
BGA,E35,UNNAMED_BGA,UNNAMED_BGA,BGA_450_350,2975,6365.289,VSS
BGA,E37,UNNAMED_BGA,UNNAMED_BGA,BGA_450_350,3675,6365.289,CLKIN1
BGA,E39,UNNAMED_BGA,UNNAMED_BGA,BGA_450_350,4375,6365.289,CLKIN2
BGA,E41,UNNAMED_BGA,UNNAMED_BGA,BGA_450_350,5075,6365.289,VSS
BGA,E43,UNNAMED_BGA,UNNAMED_BGA,BGA_450_350,5775,6365.289,I2C2_SCL
BGA,E45,UNNAMED_BGA,UNNAMED_BGA,BGA_450_350,6475,6365.289,I2C2_SDA
BGA,E47,UNNAMED_BGA,UNNAMED_BGA,BGA_450_350,7175,6365.289,VSS
BGA,E49,UNNAMED_BGA,UNNAMED_BGA,BGA_450_350,7875,6365.289,UART1_RXD
BGA,E51,UNNAMED_BGA,UNNAMED_BGA,BGA_450_350,8575,6365.289,UART2_RXD
BGA,F2,UNNAMED_BGA,UNNAMED_BGA,BGA_450_350,-8575,5759.071,LVDS1_D3_P
BGA,F4,UNNAMED_BGA,UNNAMED_BGA,BGA_450_350,-7875,5759.071,LVDS1_D3_N
BGA,F6,UNNAMED_BGA,UNNAMED_BGA,BGA_450_350,-7175,5759.071,LVDS0_D1_P
BGA,F8,UNNAMED_BGA,UNNAMED_BGA,BGA_450_350,-6475,5759.071,LVDS0_D1_N
BGA,F10,UNNAMED_BGA,UNNAMED_BGA,BGA_450_350,-5775,5759.071,VSS
BGA,F12,UNNAMED_BGA,UNNAMED_BGA,BGA_450_350,-5075,5759.071,MIPI_CSI1_D3_N
BGA,F14,UNNAMED_BGA,UNNAMED_BGA,BGA_450_350,-4375,5759.071,VSS
BGA,F16,UNNAMED_BGA,UNNAMED_BGA,BGA_450_350,-3675,5759.071,MIPI_CSI1_CLK_N
BGA,F18,UNNAMED_BGA,UNNAMED_BGA,BGA_450_350,-2975,5759.071,VSS
BGA,F20,UNNAMED_BGA,UNNAMED_BGA,BGA_450_350,-2275,5759.071,MIPI_CSI1_D0_N
BGA,F22,UNNAMED_BGA,UNNAMED_BGA,BGA_450_350,-1575,5759.071,VSS
BGA,F24,UNNAMED_BGA,UNNAMED_BGA,BGA_450_350,-875,5759.071,USB2_ID
BGA,F26,UNNAMED_BGA,UNNAMED_BGA,BGA_450_350,-175,5759.071,VSS
BGA,F28,UNNAMED_BGA,UNNAMED_BGA,BGA_450_350,525,5759.071,USB2_TXRTUNE
BGA,F30,UNNAMED_BGA,UNNAMED_BGA,BGA_450_350,1225,5759.071,VSS
BGA,F32,UNNAMED_BGA,UNNAMED_BGA,BGA_450_350,1925,5759.071,PCIE2_TX0_N
BGA,F34,UNNAMED_BGA,UNNAMED_BGA,BGA_450_350,2625,5759.071,VSS
BGA,F36,UNNAMED_BGA,UNNAMED_BGA,BGA_450_350,3325,5759.071,TAMPER0
BGA,F38,UNNAMED_BGA,UNNAMED_BGA,BGA_450_350,4025,5759.071,VSS
BGA,F40,UNNAMED_BGA,UNNAMED_BGA,BGA_450_350,4725,5759.071,ONOFF
BGA,F42,UNNAMED_BGA,UNNAMED_BGA,BGA_450_350,5425,5759.071,VSS
BGA,F44,UNNAMED_BGA,UNNAMED_BGA,BGA_450_350,6125,5759.071,VSS
BGA,F46,UNNAMED_BGA,UNNAMED_BGA,BGA_450_350,6825,5759.071,PDM_CLK
BGA,F48,UNNAMED_BGA,UNNAMED_BGA,BGA_450_350,7525,5759.071,UART2_TXD
BGA,F50,UNNAMED_BGA,UNNAMED_BGA,BGA_450_350,8225,5759.071,VSS
BGA,F52,UNNAMED_BGA,UNNAMED_BGA,BGA_450_350,8925,5759.071,UART1_TXD
BGA,G1,UNNAMED_BGA,UNNAMED_BGA,BGA_450_350,-8925,5152.853,VSS
BGA,G3,UNNAMED_BGA,UNNAMED_BGA,BGA_450_350,-8225,5152.853,VSS
BGA,G5,UNNAMED_BGA,UNNAMED_BGA,BGA_450_350,-7525,5152.853,VSS
BGA,G7,UNNAMED_BGA,UNNAMED_BGA,BGA_450_350,-6825,5152.853,LVDS0_D0_P
BGA,G9,UNNAMED_BGA,UNNAMED_BGA,BGA_450_350,-6125,5152.853,LVDS0_D0_N
BGA,G11,UNNAMED_BGA,UNNAMED_BGA,BGA_450_350,-5425,5152.853,MIPI_REXT
BGA,G13,UNNAMED_BGA,UNNAMED_BGA,BGA_450_350,-4725,5152.853,VSS
BGA,G15,UNNAMED_BGA,UNNAMED_BGA,BGA_450_350,-4025,5152.853,VSS
BGA,G17,UNNAMED_BGA,UNNAMED_BGA,BGA_450_350,-3325,5152.853,VSS
BGA,G19,UNNAMED_BGA,UNNAMED_BGA,BGA_450_350,-2625,5152.853,VSS
BGA,G21,UNNAMED_BGA,UNNAMED_BGA,BGA_450_350,-1925,5152.853,VSS
BGA,G23,UNNAMED_BGA,UNNAMED_BGA,BGA_450_350,-1225,5152.853,VSS
BGA,G25,UNNAMED_BGA,UNNAMED_BGA,BGA_450_350,-525,5152.853,VSS
BGA,G27,UNNAMED_BGA,UNNAMED_BGA,BGA_450_350,175,5152.853,VSS
BGA,G29,UNNAMED_BGA,UNNAMED_BGA,BGA_450_350,875,5152.853,VSS
BGA,G31,UNNAMED_BGA,UNNAMED_BGA,BGA_450_350,1575,5152.853,VSS
BGA,G33,UNNAMED_BGA,UNNAMED_BGA,BGA_450_350,2275,5152.853,VSS
BGA,G35,UNNAMED_BGA,UNNAMED_BGA,BGA_450_350,2975,5152.853,VSS
BGA,G37,UNNAMED_BGA,UNNAMED_BGA,BGA_450_350,3675,5152.853,VSS
BGA,G39,UNNAMED_BGA,UNNAMED_BGA,BGA_450_350,4375,5152.853,VSS
BGA,G41,UNNAMED_BGA,UNNAMED_BGA,BGA_450_350,5075,5152.853,VSS
BGA,G43,UNNAMED_BGA,UNNAMED_BGA,BGA_450_350,5775,5152.853,VSS
BGA,G45,UNNAMED_BGA,UNNAMED_BGA,BGA_450_350,6475,5152.853,PDM_BIT_STREAM0
BGA,G47,UNNAMED_BGA,UNNAMED_BGA,BGA_450_350,7175,5152.853,VSS
BGA,G49,UNNAMED_BGA,UNNAMED_BGA,BGA_450_350,7875,5152.853,SAI1_TXFS
BGA,G51,UNNAMED_BGA,UNNAMED_BGA,BGA_450_350,8575,5152.853,SAI1_TXC
BGA,H2,UNNAMED_BGA,UNNAMED_BGA,BGA_450_350,-8575,4546.635,DRAM_DQS0_T_B
BGA,H4,UNNAMED_BGA,UNNAMED_BGA,BGA_450_350,-7875,4546.635,VSS
BGA,H6,UNNAMED_BGA,UNNAMED_BGA,BGA_450_350,-7175,4546.635,VSS
BGA,H8,UNNAMED_BGA,UNNAMED_BGA,BGA_450_350,-6475,4546.635,VSS
BGA,H10,UNNAMED_BGA,UNNAMED_BGA,BGA_450_350,-5775,4546.635,VSS
BGA,H12,UNNAMED_BGA,UNNAMED_BGA,BGA_450_350,-5075,4546.635,VDD_MIPI_1P8
BGA,H14,UNNAMED_BGA,UNNAMED_BGA,BGA_450_350,-4375,4546.635,VDD_MIPI_1P8
BGA,H16,UNNAMED_BGA,UNNAMED_BGA,BGA_450_350,-3675,4546.635,VDD_ANA_0P8
BGA,H18,UNNAMED_BGA,UNNAMED_BGA,BGA_450_350,-2975,4546.635,VDD_MIPI_0P8
BGA,H20,UNNAMED_BGA,UNNAMED_BGA,BGA_450_350,-2275,4546.635,VDD_USB_0P8
BGA,H22,UNNAMED_BGA,UNNAMED_BGA,BGA_450_350,-1575,4546.635,VDD_USB_0P8
BGA,H24,UNNAMED_BGA,UNNAMED_BGA,BGA_450_350,-875,4546.635,VDD_USB_3P3
BGA,H26,UNNAMED_BGA,UNNAMED_BGA,BGA_450_350,-175,4546.635,VDD_USB_3P3
BGA,H28,UNNAMED_BGA,UNNAMED_BGA,BGA_450_350,525,4546.635,VDD_USB_1P8
BGA,H30,UNNAMED_BGA,UNNAMED_BGA,BGA_450_350,1225,4546.635,VDD_USB_1P8
BGA,H32,UNNAMED_BGA,UNNAMED_BGA,BGA_450_350,1925,4546.635,VDD_PCI_1P8
BGA,H34,UNNAMED_BGA,UNNAMED_BGA,BGA_450_350,2625,4546.635,VDD_PCI_1P8
BGA,H36,UNNAMED_BGA,UNNAMED_BGA,BGA_450_350,3325,4546.635,VDD_PCI_0P8
BGA,H38,UNNAMED_BGA,UNNAMED_BGA,BGA_450_350,4025,4546.635,VDD_ANA_0P8
BGA,H40,UNNAMED_BGA,UNNAMED_BGA,BGA_450_350,4725,4546.635,NVCC_BBSM_1P8
BGA,H42,UNNAMED_BGA,UNNAMED_BGA,BGA_450_350,5425,4546.635,VDD_BBSM_0P8_CAP
BGA,H44,UNNAMED_BGA,UNNAMED_BGA,BGA_450_350,6125,4546.635,VSS
BGA,H46,UNNAMED_BGA,UNNAMED_BGA,BGA_450_350,6825,4546.635,PDM_BIT_STREAM1
BGA,H48,UNNAMED_BGA,UNNAMED_BGA,BGA_450_350,7525,4546.635,SAI1_TXD0
BGA,H50,UNNAMED_BGA,UNNAMED_BGA,BGA_450_350,8225,4546.635,VSS
BGA,H52,UNNAMED_BGA,UNNAMED_BGA,BGA_450_350,8925,4546.635,SAI1_RXD0
BGA,J1,UNNAMED_BGA,UNNAMED_BGA,BGA_450_350,-8925,3940.417,DRAM_DQS0_C_B
BGA,J3,UNNAMED_BGA,UNNAMED_BGA,BGA_450_350,-8225,3940.417,VSS
BGA,J5,UNNAMED_BGA,UNNAMED_BGA,BGA_450_350,-7525,3940.417,VSS
BGA,J7,UNNAMED_BGA,UNNAMED_BGA,BGA_450_350,-6825,3940.417,DRAM_DQ05_B
BGA,J9,UNNAMED_BGA,UNNAMED_BGA,BGA_450_350,-6125,3940.417,VSS
BGA,J11,UNNAMED_BGA,UNNAMED_BGA,BGA_450_350,-5425,3940.417,VSS
BGA,J13,UNNAMED_BGA,UNNAMED_BGA,BGA_450_350,-4725,3940.417,VDD_LVDS_1P8
BGA,J15,UNNAMED_BGA,UNNAMED_BGA,BGA_450_350,-4025,3940.417,VDD_ANA_0P8
BGA,J17,UNNAMED_BGA,UNNAMED_BGA,BGA_450_350,-3325,3940.417,VDD_MIPI_0P8
BGA,J19,UNNAMED_BGA,UNNAMED_BGA,BGA_450_350,-2625,3940.417,VDD_SOC
BGA,J21,UNNAMED_BGA,UNNAMED_BGA,BGA_450_350,-1925,3940.417,VDD_SOC
BGA,J23,UNNAMED_BGA,UNNAMED_BGA,BGA_450_350,-1225,3940.417,VDD_SOC
BGA,J25,UNNAMED_BGA,UNNAMED_BGA,BGA_450_350,-525,3940.417,VDD_SOC
BGA,J27,UNNAMED_BGA,UNNAMED_BGA,BGA_450_350,175,3940.417,VDD_SOC
BGA,J29,UNNAMED_BGA,UNNAMED_BGA,BGA_450_350,875,3940.417,VDD_SOC
BGA,J31,UNNAMED_BGA,UNNAMED_BGA,BGA_450_350,1575,3940.417,VDD_SOC
BGA,J33,UNNAMED_BGA,UNNAMED_BGA,BGA_450_350,2275,3940.417,VDD_SOC
BGA,J35,UNNAMED_BGA,UNNAMED_BGA,BGA_450_350,2975,3940.417,VDD_PCI_0P8
BGA,J37,UNNAMED_BGA,UNNAMED_BGA,BGA_450_350,3675,3940.417,VDD_ANA_0P8
BGA,J39,UNNAMED_BGA,UNNAMED_BGA,BGA_450_350,4375,3940.417,NVCC_BBSM_1P8
BGA,J41,UNNAMED_BGA,UNNAMED_BGA,BGA_450_350,5075,3940.417,VDD_BBSM_0P8_CAP
BGA,J43,UNNAMED_BGA,UNNAMED_BGA,BGA_450_350,5775,3940.417,VSS
BGA,J45,UNNAMED_BGA,UNNAMED_BGA,BGA_450_350,6475,3940.417,WDOG_ANY
BGA,J47,UNNAMED_BGA,UNNAMED_BGA,BGA_450_350,7175,3940.417,VSS
BGA,J49,UNNAMED_BGA,UNNAMED_BGA,BGA_450_350,7875,3940.417,GPIO_IO00
BGA,J51,UNNAMED_BGA,UNNAMED_BGA,BGA_450_350,8575,3940.417,GPIO_IO01
BGA,K2,UNNAMED_BGA,UNNAMED_BGA,BGA_450_350,-8575,3334.199,DRAM_WCK0_T_B
BGA,K4,UNNAMED_BGA,UNNAMED_BGA,BGA_450_350,-7875,3334.199,DRAM_WCK0_C_B
BGA,K6,UNNAMED_BGA,UNNAMED_BGA,BGA_450_350,-7175,3334.199,VSS
BGA,K8,UNNAMED_BGA,UNNAMED_BGA,BGA_450_350,-6475,3334.199,DRAM_DMI0_B
BGA,K10,UNNAMED_BGA,UNNAMED_BGA,BGA_450_350,-5775,3334.199,DRAM_DQ06_B
BGA,K12,UNNAMED_BGA,UNNAMED_BGA,BGA_450_350,-5075,3334.199,VDD_LVDS_1P8
BGA,K14,UNNAMED_BGA,UNNAMED_BGA,BGA_450_350,-4375,3334.199,VDD_ANA_1P8
BGA,K16,UNNAMED_BGA,UNNAMED_BGA,BGA_450_350,-3675,3334.199,VSS
BGA,K18,UNNAMED_BGA,UNNAMED_BGA,BGA_450_350,-2975,3334.199,VSS
BGA,K20,UNNAMED_BGA,UNNAMED_BGA,BGA_450_350,-2275,3334.199,VSS
BGA,K22,UNNAMED_BGA,UNNAMED_BGA,BGA_450_350,-1575,3334.199,VSS
BGA,K24,UNNAMED_BGA,UNNAMED_BGA,BGA_450_350,-875,3334.199,VSS
BGA,K26,UNNAMED_BGA,UNNAMED_BGA,BGA_450_350,-175,3334.199,VSS
BGA,K28,UNNAMED_BGA,UNNAMED_BGA,BGA_450_350,525,3334.199,VSS
BGA,K30,UNNAMED_BGA,UNNAMED_BGA,BGA_450_350,1225,3334.199,VSS
BGA,K32,UNNAMED_BGA,UNNAMED_BGA,BGA_450_350,1925,3334.199,VSS
BGA,K34,UNNAMED_BGA,UNNAMED_BGA,BGA_450_350,2625,3334.199,VDD_SOC
BGA,K36,UNNAMED_BGA,UNNAMED_BGA,BGA_450_350,3325,3334.199,VSS
BGA,K38,UNNAMED_BGA,UNNAMED_BGA,BGA_450_350,4025,3334.199,VSS
BGA,K40,UNNAMED_BGA,UNNAMED_BGA,BGA_450_350,4725,3334.199,VSS
BGA,K42,UNNAMED_BGA,UNNAMED_BGA,BGA_450_350,5425,3334.199,VDD_ANA_1P8
BGA,K44,UNNAMED_BGA,UNNAMED_BGA,BGA_450_350,6125,3334.199,FCCU_ERR0
BGA,K46,UNNAMED_BGA,UNNAMED_BGA,BGA_450_350,6825,3334.199,GPIO_IO04
BGA,K48,UNNAMED_BGA,UNNAMED_BGA,BGA_450_350,7525,3334.199,GPIO_IO02
BGA,K50,UNNAMED_BGA,UNNAMED_BGA,BGA_450_350,8225,3334.199,VSS
BGA,K52,UNNAMED_BGA,UNNAMED_BGA,BGA_450_350,8925,3334.199,GPIO_IO03
BGA,L1,UNNAMED_BGA,UNNAMED_BGA,BGA_450_350,-8925,2727.981,DRAM_DQ13_B
BGA,L3,UNNAMED_BGA,UNNAMED_BGA,BGA_450_350,-8225,2727.981,VSS
BGA,L5,UNNAMED_BGA,UNNAMED_BGA,BGA_450_350,-7525,2727.981,VSS
BGA,L7,UNNAMED_BGA,UNNAMED_BGA,BGA_450_350,-6825,2727.981,DRAM_DQ04_B
BGA,L9,UNNAMED_BGA,UNNAMED_BGA,BGA_450_350,-6125,2727.981,VSS
BGA,L11,UNNAMED_BGA,UNNAMED_BGA,BGA_450_350,-5425,2727.981,DRAM_DQ07_B
BGA,L13,UNNAMED_BGA,UNNAMED_BGA,BGA_450_350,-4725,2727.981,VDD_ANA_1P8
BGA,L15,UNNAMED_BGA,UNNAMED_BGA,BGA_450_350,-4025,2727.981,VSS
BGA,L17,UNNAMED_BGA,UNNAMED_BGA,BGA_450_350,-3325,2727.981,VDD_SOC
BGA,L19,UNNAMED_BGA,UNNAMED_BGA,BGA_450_350,-2625,2727.981,VDD_SOC
BGA,L21,UNNAMED_BGA,UNNAMED_BGA,BGA_450_350,-1925,2727.981,VDD_SOC
BGA,L23,UNNAMED_BGA,UNNAMED_BGA,BGA_450_350,-1225,2727.981,VDD_SOC
BGA,L25,UNNAMED_BGA,UNNAMED_BGA,BGA_450_350,-525,2727.981,VDD_SOC
BGA,L27,UNNAMED_BGA,UNNAMED_BGA,BGA_450_350,175,2727.981,VDD_ARM
BGA,L29,UNNAMED_BGA,UNNAMED_BGA,BGA_450_350,875,2727.981,VDD_ARM
BGA,L31,UNNAMED_BGA,UNNAMED_BGA,BGA_450_350,1575,2727.981,DEPOP
BGA,L33,UNNAMED_BGA,UNNAMED_BGA,BGA_450_350,2275,2727.981,DEPOP
BGA,L35,UNNAMED_BGA,UNNAMED_BGA,BGA_450_350,2975,2727.981,DEPOP
BGA,L37,UNNAMED_BGA,UNNAMED_BGA,BGA_450_350,3675,2727.981,VSS
BGA,L39,UNNAMED_BGA,UNNAMED_BGA,BGA_450_350,4375,2727.981,VDD_SOC
BGA,L41,UNNAMED_BGA,UNNAMED_BGA,BGA_450_350,5075,2727.981,VDD_ANA_1P8
BGA,L43,UNNAMED_BGA,UNNAMED_BGA,BGA_450_350,5775,2727.981,VSS
BGA,L45,UNNAMED_BGA,UNNAMED_BGA,BGA_450_350,6475,2727.981,GPIO_IO05
BGA,L47,UNNAMED_BGA,UNNAMED_BGA,BGA_450_350,7175,2727.981,VSS
BGA,L49,UNNAMED_BGA,UNNAMED_BGA,BGA_450_350,7875,2727.981,GPIO_IO06
BGA,L51,UNNAMED_BGA,UNNAMED_BGA,BGA_450_350,8575,2727.981,GPIO_IO07
BGA,M2,UNNAMED_BGA,UNNAMED_BGA,BGA_450_350,-8575,2121.763,DRAM_DMI1_B
BGA,M4,UNNAMED_BGA,UNNAMED_BGA,BGA_450_350,-7875,2121.763,DRAM_DQ12_B
BGA,M6,UNNAMED_BGA,UNNAMED_BGA,BGA_450_350,-7175,2121.763,VSS
BGA,M8,UNNAMED_BGA,UNNAMED_BGA,BGA_450_350,-6475,2121.763,DRAM_DQ02_B
BGA,M10,UNNAMED_BGA,UNNAMED_BGA,BGA_450_350,-5775,2121.763,DRAM_DQ01_B
BGA,M12,UNNAMED_BGA,UNNAMED_BGA,BGA_450_350,-5075,2121.763,VSS
BGA,M14,UNNAMED_BGA,UNNAMED_BGA,BGA_450_350,-4375,2121.763,VSS
BGA,M16,UNNAMED_BGA,UNNAMED_BGA,BGA_450_350,-3675,2121.763,VDD_SOC
BGA,M18,UNNAMED_BGA,UNNAMED_BGA,BGA_450_350,-2975,2121.763,VSS
BGA,M20,UNNAMED_BGA,UNNAMED_BGA,BGA_450_350,-2275,2121.763,VDD_SOC
BGA,M22,UNNAMED_BGA,UNNAMED_BGA,BGA_450_350,-1575,2121.763,DEPOP
BGA,M24,UNNAMED_BGA,UNNAMED_BGA,BGA_450_350,-875,2121.763,DEPOP
BGA,M26,UNNAMED_BGA,UNNAMED_BGA,BGA_450_350,-175,2121.763,DEPOP
BGA,M28,UNNAMED_BGA,UNNAMED_BGA,BGA_450_350,525,2121.763,VSS
BGA,M30,UNNAMED_BGA,UNNAMED_BGA,BGA_450_350,1225,2121.763,VSS
BGA,M32,UNNAMED_BGA,UNNAMED_BGA,BGA_450_350,1925,2121.763,DEPOP
BGA,M34,UNNAMED_BGA,UNNAMED_BGA,BGA_450_350,2625,2121.763,DEPOP
BGA,M36,UNNAMED_BGA,UNNAMED_BGA,BGA_450_350,3325,2121.763,DEPOP
BGA,M38,UNNAMED_BGA,UNNAMED_BGA,BGA_450_350,4025,2121.763,VDD_ARM
BGA,M40,UNNAMED_BGA,UNNAMED_BGA,BGA_450_350,4725,2121.763,VDD_SOC
BGA,M42,UNNAMED_BGA,UNNAMED_BGA,BGA_450_350,5425,2121.763,VSS
BGA,M44,UNNAMED_BGA,UNNAMED_BGA,BGA_450_350,6125,2121.763,GPIO_IO08
BGA,M46,UNNAMED_BGA,UNNAMED_BGA,BGA_450_350,6825,2121.763,GPIO_IO09
BGA,M48,UNNAMED_BGA,UNNAMED_BGA,BGA_450_350,7525,2121.763,GPIO_IO10
BGA,M50,UNNAMED_BGA,UNNAMED_BGA,BGA_450_350,8225,2121.763,VSS
BGA,M52,UNNAMED_BGA,UNNAMED_BGA,BGA_450_350,8925,2121.763,GPIO_IO11
BGA,N1,UNNAMED_BGA,UNNAMED_BGA,BGA_450_350,-8925,1515.545,DRAM_DQ15_B
BGA,N3,UNNAMED_BGA,UNNAMED_BGA,BGA_450_350,-8225,1515.545,VSS
BGA,N5,UNNAMED_BGA,UNNAMED_BGA,BGA_450_350,-7525,1515.545,DRAM_DQ14_B
BGA,N7,UNNAMED_BGA,UNNAMED_BGA,BGA_450_350,-6825,1515.545,DRAM_DQ00_B
BGA,N9,UNNAMED_BGA,UNNAMED_BGA,BGA_450_350,-6125,1515.545,VSS
BGA,N11,UNNAMED_BGA,UNNAMED_BGA,BGA_450_350,-5425,1515.545,DRAM_DQ03_B
BGA,N13,UNNAMED_BGA,UNNAMED_BGA,BGA_450_350,-4725,1515.545,DEPOP
BGA,N15,UNNAMED_BGA,UNNAMED_BGA,BGA_450_350,-4025,1515.545,DEPOP
BGA,N17,UNNAMED_BGA,UNNAMED_BGA,BGA_450_350,-3325,1515.545,DEPOP
BGA,N19,UNNAMED_BGA,UNNAMED_BGA,BGA_450_350,-2625,1515.545,VDD_SOC
BGA,N21,UNNAMED_BGA,UNNAMED_BGA,BGA_450_350,-1925,1515.545,DEPOP
BGA,N23,UNNAMED_BGA,UNNAMED_BGA,BGA_450_350,-1225,1515.545,DEPOP
BGA,N25,UNNAMED_BGA,UNNAMED_BGA,BGA_450_350,-525,1515.545,DEPOP
BGA,N27,UNNAMED_BGA,UNNAMED_BGA,BGA_450_350,175,1515.545,VDD_ARM
BGA,N29,UNNAMED_BGA,UNNAMED_BGA,BGA_450_350,875,1515.545,VDD_ARM
BGA,N31,UNNAMED_BGA,UNNAMED_BGA,BGA_450_350,1575,1515.545,VDD_ARM
BGA,N33,UNNAMED_BGA,UNNAMED_BGA,BGA_450_350,2275,1515.545,VDD_ARM
BGA,N35,UNNAMED_BGA,UNNAMED_BGA,BGA_450_350,2975,1515.545,VDD_ARM
BGA,N37,UNNAMED_BGA,UNNAMED_BGA,BGA_450_350,3675,1515.545,VDD_ARM
BGA,N39,UNNAMED_BGA,UNNAMED_BGA,BGA_450_350,4375,1515.545,VSS
BGA,N41,UNNAMED_BGA,UNNAMED_BGA,BGA_450_350,5075,1515.545,VDD_SOC
BGA,N43,UNNAMED_BGA,UNNAMED_BGA,BGA_450_350,5775,1515.545,VSS
BGA,N45,UNNAMED_BGA,UNNAMED_BGA,BGA_450_350,6475,1515.545,GPIO_IO12
BGA,N47,UNNAMED_BGA,UNNAMED_BGA,BGA_450_350,7175,1515.545,VSS
BGA,N49,UNNAMED_BGA,UNNAMED_BGA,BGA_450_350,7875,1515.545,GPIO_IO13
BGA,N51,UNNAMED_BGA,UNNAMED_BGA,BGA_450_350,8575,1515.545,GPIO_IO14
BGA,P2,UNNAMED_BGA,UNNAMED_BGA,BGA_450_350,-8575,909.327,DRAM_DQ09_B
BGA,P4,UNNAMED_BGA,UNNAMED_BGA,BGA_450_350,-7875,909.327,DRAM_DQ11_B
BGA,P6,UNNAMED_BGA,UNNAMED_BGA,BGA_450_350,-7175,909.327,VSS
BGA,P8,UNNAMED_BGA,UNNAMED_BGA,BGA_450_350,-6475,909.327,DRAM_DQS1_C_B
BGA,P10,UNNAMED_BGA,UNNAMED_BGA,BGA_450_350,-5775,909.327,DRAM_DQS1_T_B
BGA,P12,UNNAMED_BGA,UNNAMED_BGA,BGA_450_350,-5075,909.327,VDDQ_DDR
BGA,P14,UNNAMED_BGA,UNNAMED_BGA,BGA_450_350,-4375,909.327,DEPOP
BGA,P16,UNNAMED_BGA,UNNAMED_BGA,BGA_450_350,-3675,909.327,DEPOP
BGA,P18,UNNAMED_BGA,UNNAMED_BGA,BGA_450_350,-2975,909.327,DEPOP
BGA,P20,UNNAMED_BGA,UNNAMED_BGA,BGA_450_350,-2275,909.327,VSS
BGA,P22,UNNAMED_BGA,UNNAMED_BGA,BGA_450_350,-1575,909.327,VSS
BGA,P24,UNNAMED_BGA,UNNAMED_BGA,BGA_450_350,-875,909.327,VSS
BGA,P26,UNNAMED_BGA,UNNAMED_BGA,BGA_450_350,-175,909.327,VSS
BGA,P28,UNNAMED_BGA,UNNAMED_BGA,BGA_450_350,525,909.327,VSS
BGA,P30,UNNAMED_BGA,UNNAMED_BGA,BGA_450_350,1225,909.327,VDD_ARM
BGA,P32,UNNAMED_BGA,UNNAMED_BGA,BGA_450_350,1925,909.327,VSS
BGA,P34,UNNAMED_BGA,UNNAMED_BGA,BGA_450_350,2625,909.327,VSS
BGA,P36,UNNAMED_BGA,UNNAMED_BGA,BGA_450_350,3325,909.327,VDD_ARM
BGA,P38,UNNAMED_BGA,UNNAMED_BGA,BGA_450_350,4025,909.327,VSS
BGA,P40,UNNAMED_BGA,UNNAMED_BGA,BGA_450_350,4725,909.327,VDD_SOC
BGA,P42,UNNAMED_BGA,UNNAMED_BGA,BGA_450_350,5425,909.327,NVCC_AON
BGA,P44,UNNAMED_BGA,UNNAMED_BGA,BGA_450_350,6125,909.327,GPIO_IO15
BGA,P46,UNNAMED_BGA,UNNAMED_BGA,BGA_450_350,6825,909.327,GPIO_IO16
BGA,P48,UNNAMED_BGA,UNNAMED_BGA,BGA_450_350,7525,909.327,GPIO_IO17
BGA,P50,UNNAMED_BGA,UNNAMED_BGA,BGA_450_350,8225,909.327,VSS
BGA,P52,UNNAMED_BGA,UNNAMED_BGA,BGA_450_350,8925,909.327,GPIO_IO18
BGA,R1,UNNAMED_BGA,UNNAMED_BGA,BGA_450_350,-8925,303.109,DRAM_DQ10_B
BGA,R3,UNNAMED_BGA,UNNAMED_BGA,BGA_450_350,-8225,303.109,VSS
BGA,R5,UNNAMED_BGA,UNNAMED_BGA,BGA_450_350,-7525,303.109,DRAM_DQ08_B
BGA,R7,UNNAMED_BGA,UNNAMED_BGA,BGA_450_350,-6825,303.109,DRAM_WCK1_C_B
BGA,R9,UNNAMED_BGA,UNNAMED_BGA,BGA_450_350,-6125,303.109,VSS
BGA,R11,UNNAMED_BGA,UNNAMED_BGA,BGA_450_350,-5425,303.109,DRAM_CA7_B
BGA,R13,UNNAMED_BGA,UNNAMED_BGA,BGA_450_350,-4725,303.109,VDDQ_DDR
BGA,R15,UNNAMED_BGA,UNNAMED_BGA,BGA_450_350,-4025,303.109,VSS
BGA,R17,UNNAMED_BGA,UNNAMED_BGA,BGA_450_350,-3325,303.109,VDD_DDR_0P8
BGA,R19,UNNAMED_BGA,UNNAMED_BGA,BGA_450_350,-2625,303.109,VDD_SOC
BGA,R21,UNNAMED_BGA,UNNAMED_BGA,BGA_450_350,-1925,303.109,VDD_SOC
BGA,R23,UNNAMED_BGA,UNNAMED_BGA,BGA_450_350,-1225,303.109,VDD_SOC
BGA,R25,UNNAMED_BGA,UNNAMED_BGA,BGA_450_350,-525,303.109,VDD_SOC
BGA,R27,UNNAMED_BGA,UNNAMED_BGA,BGA_450_350,175,303.109,VDD_ARM
BGA,R29,UNNAMED_BGA,UNNAMED_BGA,BGA_450_350,875,303.109,VDD_ARM
BGA,R31,UNNAMED_BGA,UNNAMED_BGA,BGA_450_350,1575,303.109,VDD_ARM
BGA,R33,UNNAMED_BGA,UNNAMED_BGA,BGA_450_350,2275,303.109,VDD_ARM
BGA,R35,UNNAMED_BGA,UNNAMED_BGA,BGA_450_350,2975,303.109,VDD_ARM
BGA,R37,UNNAMED_BGA,UNNAMED_BGA,BGA_450_350,3675,303.109,VDD_ARM
BGA,R39,UNNAMED_BGA,UNNAMED_BGA,BGA_450_350,4375,303.109,VDD_SOC
BGA,R41,UNNAMED_BGA,UNNAMED_BGA,BGA_450_350,5075,303.109,NVCC_AON
BGA,R43,UNNAMED_BGA,UNNAMED_BGA,BGA_450_350,5775,303.109,VSS
BGA,R45,UNNAMED_BGA,UNNAMED_BGA,BGA_450_350,6475,303.109,GPIO_IO19
BGA,R47,UNNAMED_BGA,UNNAMED_BGA,BGA_450_350,7175,303.109,VSS
BGA,R49,UNNAMED_BGA,UNNAMED_BGA,BGA_450_350,7875,303.109,GPIO_IO20
BGA,R51,UNNAMED_BGA,UNNAMED_BGA,BGA_450_350,8575,303.109,GPIO_IO21
BGA,T2,UNNAMED_BGA,UNNAMED_BGA,BGA_450_350,-8575,-303.109,DRAM_CA3_B
BGA,T4,UNNAMED_BGA,UNNAMED_BGA,BGA_450_350,-7875,-303.109,DRAM_CA2_B
BGA,T6,UNNAMED_BGA,UNNAMED_BGA,BGA_450_350,-7175,-303.109,VSS
BGA,T8,UNNAMED_BGA,UNNAMED_BGA,BGA_450_350,-6475,-303.109,DRAM_WCK1_T_B
BGA,T10,UNNAMED_BGA,UNNAMED_BGA,BGA_450_350,-5775,-303.109,DRAM_CA5_B
BGA,T12,UNNAMED_BGA,UNNAMED_BGA,BGA_450_350,-5075,-303.109,VDDQ_DDR
BGA,T14,UNNAMED_BGA,UNNAMED_BGA,BGA_450_350,-4375,-303.109,VSS
BGA,T16,UNNAMED_BGA,UNNAMED_BGA,BGA_450_350,-3675,-303.109,VDD_DDR_0P8
BGA,T18,UNNAMED_BGA,UNNAMED_BGA,BGA_450_350,-2975,-303.109,VDD_DDR_0P8
BGA,T20,UNNAMED_BGA,UNNAMED_BGA,BGA_450_350,-2275,-303.109,VSS
BGA,T22,UNNAMED_BGA,UNNAMED_BGA,BGA_450_350,-1575,-303.109,VSS
BGA,T24,UNNAMED_BGA,UNNAMED_BGA,BGA_450_350,-875,-303.109,VSS
BGA,T26,UNNAMED_BGA,UNNAMED_BGA,BGA_450_350,-175,-303.109,VSS
BGA,T28,UNNAMED_BGA,UNNAMED_BGA,BGA_450_350,525,-303.109,VSS
BGA,T30,UNNAMED_BGA,UNNAMED_BGA,BGA_450_350,1225,-303.109,DEPOP
BGA,T32,UNNAMED_BGA,UNNAMED_BGA,BGA_450_350,1925,-303.109,DEPOP
BGA,T34,UNNAMED_BGA,UNNAMED_BGA,BGA_450_350,2625,-303.109,DEPOP
BGA,T36,UNNAMED_BGA,UNNAMED_BGA,BGA_450_350,3325,-303.109,VSS
BGA,T38,UNNAMED_BGA,UNNAMED_BGA,BGA_450_350,4025,-303.109,VSS
BGA,T40,UNNAMED_BGA,UNNAMED_BGA,BGA_450_350,4725,-303.109,NVCC_GPIO
BGA,T42,UNNAMED_BGA,UNNAMED_BGA,BGA_450_350,5425,-303.109,VSS
BGA,T44,UNNAMED_BGA,UNNAMED_BGA,BGA_450_350,6125,-303.109,GPIO_IO22
BGA,T46,UNNAMED_BGA,UNNAMED_BGA,BGA_450_350,6825,-303.109,GPIO_IO23
BGA,T48,UNNAMED_BGA,UNNAMED_BGA,BGA_450_350,7525,-303.109,GPIO_IO24
BGA,T50,UNNAMED_BGA,UNNAMED_BGA,BGA_450_350,8225,-303.109,VSS
BGA,T52,UNNAMED_BGA,UNNAMED_BGA,BGA_450_350,8925,-303.109,GPIO_IO25
BGA,U1,UNNAMED_BGA,UNNAMED_BGA,BGA_450_350,-8925,-909.327,DRAM_DTO
BGA,U3,UNNAMED_BGA,UNNAMED_BGA,BGA_450_350,-8225,-909.327,VSS
BGA,U5,UNNAMED_BGA,UNNAMED_BGA,BGA_450_350,-7525,-909.327,DRAM_CA4_B
BGA,U7,UNNAMED_BGA,UNNAMED_BGA,BGA_450_350,-6825,-909.327,DRAM_CA0_B
BGA,U9,UNNAMED_BGA,UNNAMED_BGA,BGA_450_350,-6125,-909.327,VSS
BGA,U11,UNNAMED_BGA,UNNAMED_BGA,BGA_450_350,-5425,-909.327,DRAM_CA6_B
BGA,U13,UNNAMED_BGA,UNNAMED_BGA,BGA_450_350,-4725,-909.327,DEPOP
BGA,U15,UNNAMED_BGA,UNNAMED_BGA,BGA_450_350,-4025,-909.327,DEPOP
BGA,U17,UNNAMED_BGA,UNNAMED_BGA,BGA_450_350,-3325,-909.327,DEPOP
BGA,U19,UNNAMED_BGA,UNNAMED_BGA,BGA_450_350,-2625,-909.327,VDD_SOC
BGA,U21,UNNAMED_BGA,UNNAMED_BGA,BGA_450_350,-1925,-909.327,VDD_SOC
BGA,U23,UNNAMED_BGA,UNNAMED_BGA,BGA_450_350,-1225,-909.327,VDD_SOC
BGA,U25,UNNAMED_BGA,UNNAMED_BGA,BGA_450_350,-525,-909.327,VDD_SOC
BGA,U27,UNNAMED_BGA,UNNAMED_BGA,BGA_450_350,175,-909.327,VDD_ARM
BGA,U29,UNNAMED_BGA,UNNAMED_BGA,BGA_450_350,875,-909.327,VDD_ARM
BGA,U31,UNNAMED_BGA,UNNAMED_BGA,BGA_450_350,1575,-909.327,DEPOP
BGA,U33,UNNAMED_BGA,UNNAMED_BGA,BGA_450_350,2275,-909.327,DEPOP
BGA,U35,UNNAMED_BGA,UNNAMED_BGA,BGA_450_350,2975,-909.327,DEPOP
BGA,U37,UNNAMED_BGA,UNNAMED_BGA,BGA_450_350,3675,-909.327,VSS
BGA,U39,UNNAMED_BGA,UNNAMED_BGA,BGA_450_350,4375,-909.327,VDD_SOC
BGA,U41,UNNAMED_BGA,UNNAMED_BGA,BGA_450_350,5075,-909.327,NVCC_GPIO
BGA,U43,UNNAMED_BGA,UNNAMED_BGA,BGA_450_350,5775,-909.327,VSS
BGA,U45,UNNAMED_BGA,UNNAMED_BGA,BGA_450_350,6475,-909.327,GPIO_IO26
BGA,U47,UNNAMED_BGA,UNNAMED_BGA,BGA_450_350,7175,-909.327,VSS
BGA,U49,UNNAMED_BGA,UNNAMED_BGA,BGA_450_350,7875,-909.327,GPIO_IO27
BGA,U51,UNNAMED_BGA,UNNAMED_BGA,BGA_450_350,8575,-909.327,GPIO_IO28
BGA,V2,UNNAMED_BGA,UNNAMED_BGA,BGA_450_350,-8575,-1515.545,DRAM_LP4CKE_LP5CS1_B
BGA,V4,UNNAMED_BGA,UNNAMED_BGA,BGA_450_350,-7875,-1515.545,DRAM_CA1_B
BGA,V6,UNNAMED_BGA,UNNAMED_BGA,BGA_450_350,-7175,-1515.545,VSS
BGA,V8,UNNAMED_BGA,UNNAMED_BGA,BGA_450_350,-6475,-1515.545,DRAM_CK_T_B
BGA,V10,UNNAMED_BGA,UNNAMED_BGA,BGA_450_350,-5775,-1515.545,DRAM_CK_C_B
BGA,V12,UNNAMED_BGA,UNNAMED_BGA,BGA_450_350,-5075,-1515.545,VDD2H_DDR
BGA,V14,UNNAMED_BGA,UNNAMED_BGA,BGA_450_350,-4375,-1515.545,DEPOP
BGA,V16,UNNAMED_BGA,UNNAMED_BGA,BGA_450_350,-3675,-1515.545,DEPOP
BGA,V18,UNNAMED_BGA,UNNAMED_BGA,BGA_450_350,-2975,-1515.545,DEPOP
BGA,V20,UNNAMED_BGA,UNNAMED_BGA,BGA_450_350,-2275,-1515.545,VSS
BGA,V22,UNNAMED_BGA,UNNAMED_BGA,BGA_450_350,-1575,-1515.545,VSS
BGA,V24,UNNAMED_BGA,UNNAMED_BGA,BGA_450_350,-875,-1515.545,VDD_SOC
BGA,V26,UNNAMED_BGA,UNNAMED_BGA,BGA_450_350,-175,-1515.545,VSS
BGA,V28,UNNAMED_BGA,UNNAMED_BGA,BGA_450_350,525,-1515.545,VSS
BGA,V30,UNNAMED_BGA,UNNAMED_BGA,BGA_450_350,1225,-1515.545,VDD_SOC
BGA,V32,UNNAMED_BGA,UNNAMED_BGA,BGA_450_350,1925,-1515.545,VSS
BGA,V34,UNNAMED_BGA,UNNAMED_BGA,BGA_450_350,2625,-1515.545,VDD_SOC
BGA,V36,UNNAMED_BGA,UNNAMED_BGA,BGA_450_350,3325,-1515.545,VSS
BGA,V38,UNNAMED_BGA,UNNAMED_BGA,BGA_450_350,4025,-1515.545,VDD_SOC
BGA,V40,UNNAMED_BGA,UNNAMED_BGA,BGA_450_350,4725,-1515.545,VSS
BGA,V42,UNNAMED_BGA,UNNAMED_BGA,BGA_450_350,5425,-1515.545,VDD_ARM_SENSE
BGA,V44,UNNAMED_BGA,UNNAMED_BGA,BGA_450_350,6125,-1515.545,GPIO_IO29
BGA,V46,UNNAMED_BGA,UNNAMED_BGA,BGA_450_350,6825,-1515.545,GPIO_IO30
BGA,V48,UNNAMED_BGA,UNNAMED_BGA,BGA_450_350,7525,-1515.545,GPIO_IO31
BGA,V50,UNNAMED_BGA,UNNAMED_BGA,BGA_450_350,8225,-1515.545,VSS
BGA,V52,UNNAMED_BGA,UNNAMED_BGA,BGA_450_350,8925,-1515.545,GPIO_IO32
BGA,W1,UNNAMED_BGA,UNNAMED_BGA,BGA_450_350,-8925,-2121.763,DRAM_CA1_A
BGA,W3,UNNAMED_BGA,UNNAMED_BGA,BGA_450_350,-8225,-2121.763,VSS
BGA,W5,UNNAMED_BGA,UNNAMED_BGA,BGA_450_350,-7525,-2121.763,DRAM_LP4CKE_LP5CS0_B
BGA,W7,UNNAMED_BGA,UNNAMED_BGA,BGA_450_350,-6825,-2121.763,DRAM_ATO
BGA,W9,UNNAMED_BGA,UNNAMED_BGA,BGA_450_350,-6125,-2121.763,VSS
BGA,W11,UNNAMED_BGA,UNNAMED_BGA,BGA_450_350,-5425,-2121.763,DRAM_ZN
BGA,W13,UNNAMED_BGA,UNNAMED_BGA,BGA_450_350,-4725,-2121.763,VDD2H_DDR
BGA,W15,UNNAMED_BGA,UNNAMED_BGA,BGA_450_350,-4025,-2121.763,VSS
BGA,W17,UNNAMED_BGA,UNNAMED_BGA,BGA_450_350,-3325,-2121.763,VDD_DDR_0P8
BGA,W19,UNNAMED_BGA,UNNAMED_BGA,BGA_450_350,-2625,-2121.763,VDD_SOC
BGA,W21,UNNAMED_BGA,UNNAMED_BGA,BGA_450_350,-1925,-2121.763,VDD_SOC
BGA,W23,UNNAMED_BGA,UNNAMED_BGA,BGA_450_350,-1225,-2121.763,DEPOP
BGA,W25,UNNAMED_BGA,UNNAMED_BGA,BGA_450_350,-525,-2121.763,DEPOP
BGA,W27,UNNAMED_BGA,UNNAMED_BGA,BGA_450_350,175,-2121.763,DEPOP
BGA,W29,UNNAMED_BGA,UNNAMED_BGA,BGA_450_350,875,-2121.763,VDD_SOC
BGA,W31,UNNAMED_BGA,UNNAMED_BGA,BGA_450_350,1575,-2121.763,VSS
BGA,W33,UNNAMED_BGA,UNNAMED_BGA,BGA_450_350,2275,-2121.763,VDD_SOC
BGA,W35,UNNAMED_BGA,UNNAMED_BGA,BGA_450_350,2975,-2121.763,VSS
BGA,W37,UNNAMED_BGA,UNNAMED_BGA,BGA_450_350,3675,-2121.763,VDD_SOC
BGA,W39,UNNAMED_BGA,UNNAMED_BGA,BGA_450_350,4375,-2121.763,VSS
BGA,W41,UNNAMED_BGA,UNNAMED_BGA,BGA_450_350,5075,-2121.763,VSS_ARM_SENSE
BGA,W43,UNNAMED_BGA,UNNAMED_BGA,BGA_450_350,5775,-2121.763,VSS
BGA,W45,UNNAMED_BGA,UNNAMED_BGA,BGA_450_350,6475,-2121.763,GPIO_IO33
BGA,W47,UNNAMED_BGA,UNNAMED_BGA,BGA_450_350,7175,-2121.763,VSS
BGA,W49,UNNAMED_BGA,UNNAMED_BGA,BGA_450_350,7875,-2121.763,GPIO_IO34
BGA,W51,UNNAMED_BGA,UNNAMED_BGA,BGA_450_350,8575,-2121.763,GPIO_IO35
BGA,Y2,UNNAMED_BGA,UNNAMED_BGA,BGA_450_350,-8575,-2727.981,DRAM_CA0_A
BGA,Y4,UNNAMED_BGA,UNNAMED_BGA,BGA_450_350,-7875,-2727.981,DRAM_LP4CKE_LP5CS0_A
BGA,Y6,UNNAMED_BGA,UNNAMED_BGA,BGA_450_350,-7175,-2727.981,VSS
BGA,Y8,UNNAMED_BGA,UNNAMED_BGA,BGA_450_350,-6475,-2727.981,DRAM_CK_T_A
BGA,Y10,UNNAMED_BGA,UNNAMED_BGA,BGA_450_350,-5775,-2727.981,DRAM_CK_C_A
BGA,Y12,UNNAMED_BGA,UNNAMED_BGA,BGA_450_350,-5075,-2727.981,VDDQ_DDR
BGA,Y14,UNNAMED_BGA,UNNAMED_BGA,BGA_450_350,-4375,-2727.981,VSS
BGA,Y16,UNNAMED_BGA,UNNAMED_BGA,BGA_450_350,-3675,-2727.981,VDD_DDR_0P8
BGA,Y18,UNNAMED_BGA,UNNAMED_BGA,BGA_450_350,-2975,-2727.981,VDD_DDR_0P8
BGA,Y20,UNNAMED_BGA,UNNAMED_BGA,BGA_450_350,-2275,-2727.981,VDD_SOC
BGA,Y22,UNNAMED_BGA,UNNAMED_BGA,BGA_450_350,-1575,-2727.981,VSS
BGA,Y24,UNNAMED_BGA,UNNAMED_BGA,BGA_450_350,-875,-2727.981,DEPOP
BGA,Y26,UNNAMED_BGA,UNNAMED_BGA,BGA_450_350,-175,-2727.981,DEPOP
BGA,Y28,UNNAMED_BGA,UNNAMED_BGA,BGA_450_350,525,-2727.981,DEPOP
BGA,Y30,UNNAMED_BGA,UNNAMED_BGA,BGA_450_350,1225,-2727.981,VDD_SOC
BGA,Y32,UNNAMED_BGA,UNNAMED_BGA,BGA_450_350,1925,-2727.981,VSS
BGA,Y34,UNNAMED_BGA,UNNAMED_BGA,BGA_450_350,2625,-2727.981,VDD_SOC
BGA,Y36,UNNAMED_BGA,UNNAMED_BGA,BGA_450_350,3325,-2727.981,VSS
BGA,Y38,UNNAMED_BGA,UNNAMED_BGA,BGA_450_350,4025,-2727.981,VDD_SOC
BGA,Y40,UNNAMED_BGA,UNNAMED_BGA,BGA_450_350,4725,-2727.981,VSS
BGA,Y42,UNNAMED_BGA,UNNAMED_BGA,BGA_450_350,5425,-2727.981,VDD_ANAVDET_1P8
BGA,Y44,UNNAMED_BGA,UNNAMED_BGA,BGA_450_350,6125,-2727.981,AUD_P_UTIL
BGA,Y46,UNNAMED_BGA,UNNAMED_BGA,BGA_450_350,6825,-2727.981,AUD_N_HPD
BGA,Y48,UNNAMED_BGA,UNNAMED_BGA,BGA_450_350,7525,-2727.981,GPIO_IO36
BGA,Y50,UNNAMED_BGA,UNNAMED_BGA,BGA_450_350,8225,-2727.981,VSS
BGA,Y52,UNNAMED_BGA,UNNAMED_BGA,BGA_450_350,8925,-2727.981,GPIO_IO37
