ball,primary_signal,alternate_functions,power_ground_domain_class,voltage_domain,cpb0_usage,destination_net,source_document,source_page_table,confidence,unresolved,unresolved_reason
A1,VSS,,GROUND,GND,POWER,GND,IMX95IEC,attached:i.mx95_19mm_ballmap.xlsx!i.mx95_19mm_SPN_r1.0,HIGH,false,
A3,LVDS1_D0_N,,MEDIA,VDD_LVDS_1P8,DISPLAY_CAMERA,LVDS1_D0_N,IMX95IEC,attached:i.mx95_19mm_ballmap.xlsx!i.mx95_19mm_SPN_r1.0,HIGH,false,
A5,LVDS0_CLK_N,,MEDIA,VDD_LVDS_1P8,DISPLAY_CAMERA,LVDS0_CLK_N,IMX95IEC,attached:i.mx95_19mm_ballmap.xlsx!i.mx95_19mm_SPN_r1.0,HIGH,false,
A9,MIPI_DSICSI1_D2_N,,MEDIA,MIPI_DSICSI1_VPH,DISPLAY_CAMERA,MIPI_DSICSI1_D2_N,IMX95IEC,attached:i.mx95_19mm_ballmap.xlsx!i.mx95_19mm_SPN_r1.0,HIGH,false,
A13,MIPI_DSICSI1_D1_N,,MEDIA,MIPI_DSICSI1_VPH,DISPLAY_CAMERA,MIPI_DSICSI1_D1_N,IMX95IEC,attached:i.mx95_19mm_ballmap.xlsx!i.mx95_19mm_SPN_r1.0,HIGH,false,
A17,USB1_RX1_N,,USB,USB1_VP,USB_C_OR_USB2,USB1_RX1_N,IMX95IEC,attached:i.mx95_19mm_ballmap.xlsx!i.mx95_19mm_SPN_r1.0,HIGH,false,
A21,USB1_RX0_P,,USB,USB1_VP,USB_C_OR_USB2,USB1_RX0_P,IMX95IEC,attached:i.mx95_19mm_ballmap.xlsx!i.mx95_19mm_SPN_r1.0,HIGH,false,
A25,USB2_D_N,,USB,USB2_VDD33,USB_C_OR_USB2,USB2_D_N,IMX95IEC,attached:i.mx95_19mm_ballmap.xlsx!i.mx95_19mm_SPN_r1.0,HIGH,false,
A29,PCIE1_RX0_N,,PCIE,PCIE1_VP,NVME_M2,PCIE1_RX0_N,IMX95IEC,attached:i.mx95_19mm_ballmap.xlsx!i.mx95_19mm_SPN_r1.0,HIGH,false,
A33,PCIE2_REF_PAD_CLK_N,,PCIE,PCIE2_VP,WIFI_M2,PCIE2_REF_PAD_CLK_N,IMX95IEC,attached:i.mx95_19mm_ballmap.xlsx!i.mx95_19mm_SPN_r1.0,HIGH,false,
A37,ADC_IN0,SEE_IMX95_PINMUX_SHEET,IO,AVDD_1P8_ADC,GPIO_PERIPH_CANDIDATE,ADC_IN0,IMX95IEC,attached:i.mx95_19mm_ballmap.xlsx!i.mx95_19mm_SPN_r1.0,MEDIUM,false,
A41,ADC_IN4,SEE_IMX95_PINMUX_SHEET,IO,AVDD_1P8_ADC,GPIO_PERIPH_CANDIDATE,ADC_IN4,IMX95IEC,attached:i.mx95_19mm_ballmap.xlsx!i.mx95_19mm_SPN_r1.0,MEDIUM,false,
A45,ADC_IN7,SEE_IMX95_PINMUX_SHEET,IO,AVDD_1P8_ADC,GPIO_PERIPH_CANDIDATE,ADC_IN7,IMX95IEC,attached:i.mx95_19mm_ballmap.xlsx!i.mx95_19mm_SPN_r1.0,MEDIUM,false,
A49,RTC_XTALO,SEE_IMX95_PINMUX_SHEET,IO,NVCC_BBSM,GPIO_PERIPH_CANDIDATE,RTC_XTALO,IMX95IEC,attached:i.mx95_19mm_ballmap.xlsx!i.mx95_19mm_SPN_r1.0,MEDIUM,false,
A51,VSS,,GROUND,GND,POWER,GND,IMX95IEC,attached:i.mx95_19mm_ballmap.xlsx!i.mx95_19mm_SPN_r1.0,HIGH,false,
AA1,DRAM_RESET_N,,DDR,VDD2H_DDR,LPDDR5,DRAM_RESET_N,IMX95IEC,attached:i.mx95_19mm_ballmap.xlsx!i.mx95_19mm_SPN_r1.0,HIGH,false,
AA3,VSS,,GROUND,GND,POWER,GND,IMX95IEC,attached:i.mx95_19mm_ballmap.xlsx!i.mx95_19mm_SPN_r1.0,HIGH,false,
AA5,DRAM_CA6_A,,DDR,VDDQ_DDR,LPDDR5,DRAM_CA6_A,IMX95IEC,attached:i.mx95_19mm_ballmap.xlsx!i.mx95_19mm_SPN_r1.0,HIGH,false,
AA7,DRAM_CA4_A,,DDR,VDDQ_DDR,LPDDR5,DRAM_CA4_A,IMX95IEC,attached:i.mx95_19mm_ballmap.xlsx!i.mx95_19mm_SPN_r1.0,HIGH,false,
AA9,VSS,,GROUND,GND,POWER,GND,IMX95IEC,attached:i.mx95_19mm_ballmap.xlsx!i.mx95_19mm_SPN_r1.0,HIGH,false,
AA11,DRAM_CA5_A,,DDR,VDDQ_DDR,LPDDR5,DRAM_CA5_A,IMX95IEC,attached:i.mx95_19mm_ballmap.xlsx!i.mx95_19mm_SPN_r1.0,HIGH,false,
AA13,VDDQ_DDR,,POWER,POWER,POWER,VDDQ_DDR,IMX95IEC,attached:i.mx95_19mm_ballmap.xlsx!i.mx95_19mm_SPN_r1.0,HIGH,false,
AA15,VSS,,GROUND,GND,POWER,GND,IMX95IEC,attached:i.mx95_19mm_ballmap.xlsx!i.mx95_19mm_SPN_r1.0,HIGH,false,
AA17,VDD_DDR_0P8,,POWER,POWER,POWER,VDD_DDR_0P8,IMX95IEC,attached:i.mx95_19mm_ballmap.xlsx!i.mx95_19mm_SPN_r1.0,HIGH,false,
AA19,VSS,,GROUND,GND,POWER,GND,IMX95IEC,attached:i.mx95_19mm_ballmap.xlsx!i.mx95_19mm_SPN_r1.0,HIGH,false,
AA21,VDD_SOC,,POWER,POWER,POWER,VDD_SOC,IMX95IEC,attached:i.mx95_19mm_ballmap.xlsx!i.mx95_19mm_SPN_r1.0,HIGH,false,
AA23,VSS,,GROUND,GND,POWER,GND,IMX95IEC,attached:i.mx95_19mm_ballmap.xlsx!i.mx95_19mm_SPN_r1.0,HIGH,false,
AA25,VDD_SOC,,POWER,POWER,POWER,VDD_SOC,IMX95IEC,attached:i.mx95_19mm_ballmap.xlsx!i.mx95_19mm_SPN_r1.0,HIGH,false,
AA27,VSS,,GROUND,GND,POWER,GND,IMX95IEC,attached:i.mx95_19mm_ballmap.xlsx!i.mx95_19mm_SPN_r1.0,HIGH,false,
AA29,VDD_SOC,,POWER,POWER,POWER,VDD_SOC,IMX95IEC,attached:i.mx95_19mm_ballmap.xlsx!i.mx95_19mm_SPN_r1.0,HIGH,false,
AA31,VSS,,GROUND,GND,POWER,GND,IMX95IEC,attached:i.mx95_19mm_ballmap.xlsx!i.mx95_19mm_SPN_r1.0,HIGH,false,
AA33,VDD_SOC,,POWER,POWER,POWER,VDD_SOC,IMX95IEC,attached:i.mx95_19mm_ballmap.xlsx!i.mx95_19mm_SPN_r1.0,HIGH,false,
AA35,VSS,,GROUND,GND,POWER,GND,IMX95IEC,attached:i.mx95_19mm_ballmap.xlsx!i.mx95_19mm_SPN_r1.0,HIGH,false,
AA37,VDD_SOC,,POWER,POWER,POWER,VDD_SOC,IMX95IEC,attached:i.mx95_19mm_ballmap.xlsx!i.mx95_19mm_SPN_r1.0,HIGH,false,
AA39,VSS,,GROUND,GND,POWER,GND,IMX95IEC,attached:i.mx95_19mm_ballmap.xlsx!i.mx95_19mm_SPN_r1.0,HIGH,false,
AA41,VDD_ANAVDET_1P8,,POWER,POWER,POWER,VDD_ANAVDET_1P8,IMX95IEC,attached:i.mx95_19mm_ballmap.xlsx!i.mx95_19mm_SPN_r1.0,HIGH,false,
AA43,VSS,,GROUND,GND,POWER,GND,IMX95IEC,attached:i.mx95_19mm_ballmap.xlsx!i.mx95_19mm_SPN_r1.0,HIGH,false,
AA45,AUD_AUX,SEE_IMX95_PINMUX_SHEET,IO,VDD_EARC_1P8,GPIO_PERIPH_CANDIDATE,AUD_AUX,IMX95IEC,attached:i.mx95_19mm_ballmap.xlsx!i.mx95_19mm_SPN_r1.0,MEDIUM,false,
AA47,VSS,,GROUND,GND,POWER,GND,IMX95IEC,attached:i.mx95_19mm_ballmap.xlsx!i.mx95_19mm_SPN_r1.0,HIGH,false,
AA49,SD2_DATA3,SEE_IMX95_PINMUX_SHEET,IO,NVCC_SD2,GPIO_PERIPH_CANDIDATE,SD2_DATA3,IMX95IEC,attached:i.mx95_19mm_ballmap.xlsx!i.mx95_19mm_SPN_r1.0,MEDIUM,false,
AA51,SD2_DATA2,SEE_IMX95_PINMUX_SHEET,IO,NVCC_SD2,GPIO_PERIPH_CANDIDATE,SD2_DATA2,IMX95IEC,attached:i.mx95_19mm_ballmap.xlsx!i.mx95_19mm_SPN_r1.0,MEDIUM,false,
AB2,DRAM_CA3_A,,DDR,VDDQ_DDR,LPDDR5,DRAM_CA3_A,IMX95IEC,attached:i.mx95_19mm_ballmap.xlsx!i.mx95_19mm_SPN_r1.0,HIGH,false,
AB4,DRAM_LP4CKE_LP5CS1_A,,DDR,VDD2H_DDR,LPDDR5,DRAM_LP4CKE_LP5CS1_A,IMX95IEC,attached:i.mx95_19mm_ballmap.xlsx!i.mx95_19mm_SPN_r1.0,HIGH,false,
AB6,VSS,,GROUND,GND,POWER,GND,IMX95IEC,attached:i.mx95_19mm_ballmap.xlsx!i.mx95_19mm_SPN_r1.0,HIGH,false,
AB8,DRAM_WCK0_T_A,,DDR,VDDQ_DDR,LPDDR5,DRAM_WCK0_T_A,IMX95IEC,attached:i.mx95_19mm_ballmap.xlsx!i.mx95_19mm_SPN_r1.0,HIGH,false,
AB10,DRAM_CA2_A,,DDR,VDDQ_DDR,LPDDR5,DRAM_CA2_A,IMX95IEC,attached:i.mx95_19mm_ballmap.xlsx!i.mx95_19mm_SPN_r1.0,HIGH,false,
AB12,VDDQ_DDR,,POWER,POWER,POWER,VDDQ_DDR,IMX95IEC,attached:i.mx95_19mm_ballmap.xlsx!i.mx95_19mm_SPN_r1.0,HIGH,false,
AB14,DEPOP,,DEPOP,TBD_IOMUX,NO_BALL,NC,IMX95IEC,attached:i.mx95_19mm_ballmap.xlsx!i.mx95_19mm_SPN_r1.0,N/A,false,
AB16,DEPOP,,DEPOP,TBD_IOMUX,NO_BALL,NC,IMX95IEC,attached:i.mx95_19mm_ballmap.xlsx!i.mx95_19mm_SPN_r1.0,N/A,false,
AB18,DEPOP,,DEPOP,TBD_IOMUX,NO_BALL,NC,IMX95IEC,attached:i.mx95_19mm_ballmap.xlsx!i.mx95_19mm_SPN_r1.0,N/A,false,
AB20,VSS,,GROUND,GND,POWER,GND,IMX95IEC,attached:i.mx95_19mm_ballmap.xlsx!i.mx95_19mm_SPN_r1.0,HIGH,false,
AB22,VSS,,GROUND,GND,POWER,GND,IMX95IEC,attached:i.mx95_19mm_ballmap.xlsx!i.mx95_19mm_SPN_r1.0,HIGH,false,
AB24,VSS,,GROUND,GND,POWER,GND,IMX95IEC,attached:i.mx95_19mm_ballmap.xlsx!i.mx95_19mm_SPN_r1.0,HIGH,false,
AB26,VDD_SOC,,POWER,POWER,POWER,VDD_SOC,IMX95IEC,attached:i.mx95_19mm_ballmap.xlsx!i.mx95_19mm_SPN_r1.0,HIGH,false,
AB28,VSS,,GROUND,GND,POWER,GND,IMX95IEC,attached:i.mx95_19mm_ballmap.xlsx!i.mx95_19mm_SPN_r1.0,HIGH,false,
AB30,VDD_SOC,,POWER,POWER,POWER,VDD_SOC,IMX95IEC,attached:i.mx95_19mm_ballmap.xlsx!i.mx95_19mm_SPN_r1.0,HIGH,false,
AB32,VSS,,GROUND,GND,POWER,GND,IMX95IEC,attached:i.mx95_19mm_ballmap.xlsx!i.mx95_19mm_SPN_r1.0,HIGH,false,
AB34,VDD_SOC,,POWER,POWER,POWER,VDD_SOC,IMX95IEC,attached:i.mx95_19mm_ballmap.xlsx!i.mx95_19mm_SPN_r1.0,HIGH,false,
AB36,VSS,,GROUND,GND,POWER,GND,IMX95IEC,attached:i.mx95_19mm_ballmap.xlsx!i.mx95_19mm_SPN_r1.0,HIGH,false,
AB38,VDD_SOC,,POWER,POWER,POWER,VDD_SOC,IMX95IEC,attached:i.mx95_19mm_ballmap.xlsx!i.mx95_19mm_SPN_r1.0,HIGH,false,
AB40,VSS,,GROUND,GND,POWER,GND,IMX95IEC,attached:i.mx95_19mm_ballmap.xlsx!i.mx95_19mm_SPN_r1.0,HIGH,false,
AB42,VDD_EARC_1P8,,POWER,POWER,POWER,VDD_EARC_1P8,IMX95IEC,attached:i.mx95_19mm_ballmap.xlsx!i.mx95_19mm_SPN_r1.0,HIGH,false,
AB44,VSS,,GROUND,GND,POWER,GND,IMX95IEC,attached:i.mx95_19mm_ballmap.xlsx!i.mx95_19mm_SPN_r1.0,HIGH,false,
AB46,VSS,,GROUND,GND,POWER,GND,IMX95IEC,attached:i.mx95_19mm_ballmap.xlsx!i.mx95_19mm_SPN_r1.0,HIGH,false,
AB48,SD2_CLK,SEE_IMX95_PINMUX_SHEET,IO,NVCC_SD2,GPIO_PERIPH_CANDIDATE,SD2_CLK,IMX95IEC,attached:i.mx95_19mm_ballmap.xlsx!i.mx95_19mm_SPN_r1.0,MEDIUM,false,
AB50,VSS,,GROUND,GND,POWER,GND,IMX95IEC,attached:i.mx95_19mm_ballmap.xlsx!i.mx95_19mm_SPN_r1.0,HIGH,false,
AB52,SD2_CMD,SEE_IMX95_PINMUX_SHEET,IO,NVCC_SD2,GPIO_PERIPH_CANDIDATE,SD2_CMD,IMX95IEC,attached:i.mx95_19mm_ballmap.xlsx!i.mx95_19mm_SPN_r1.0,MEDIUM,false,
AC1,DRAM_DQ06_A,,DDR,VDDQ_DDR,LPDDR5,DRAM_DQ06_A,IMX95IEC,attached:i.mx95_19mm_ballmap.xlsx!i.mx95_19mm_SPN_r1.0,HIGH,false,
AC3,VSS,,GROUND,GND,POWER,GND,IMX95IEC,attached:i.mx95_19mm_ballmap.xlsx!i.mx95_19mm_SPN_r1.0,HIGH,false,
AC5,DRAM_DQ07_A,,DDR,VDDQ_DDR,LPDDR5,DRAM_DQ07_A,IMX95IEC,attached:i.mx95_19mm_ballmap.xlsx!i.mx95_19mm_SPN_r1.0,HIGH,false,
AC7,DRAM_WCK0_C_A,,DDR,VDDQ_DDR,LPDDR5,DRAM_WCK0_C_A,IMX95IEC,attached:i.mx95_19mm_ballmap.xlsx!i.mx95_19mm_SPN_r1.0,HIGH,false,
AC9,VSS,,GROUND,GND,POWER,GND,IMX95IEC,attached:i.mx95_19mm_ballmap.xlsx!i.mx95_19mm_SPN_r1.0,HIGH,false,
AC11,DRAM_CA7_A,,DDR,VDDQ_DDR,LPDDR5,DRAM_CA7_A,IMX95IEC,attached:i.mx95_19mm_ballmap.xlsx!i.mx95_19mm_SPN_r1.0,HIGH,false,
AC13,DEPOP,,DEPOP,TBD_IOMUX,NO_BALL,NC,IMX95IEC,attached:i.mx95_19mm_ballmap.xlsx!i.mx95_19mm_SPN_r1.0,N/A,false,
AC15,DEPOP,,DEPOP,TBD_IOMUX,NO_BALL,NC,IMX95IEC,attached:i.mx95_19mm_ballmap.xlsx!i.mx95_19mm_SPN_r1.0,N/A,false,
AC17,DEPOP,,DEPOP,TBD_IOMUX,NO_BALL,NC,IMX95IEC,attached:i.mx95_19mm_ballmap.xlsx!i.mx95_19mm_SPN_r1.0,N/A,false,
AC19,VDD_ANA_1P8,,POWER,POWER,POWER,VDD_ANA_1P8,IMX95IEC,attached:i.mx95_19mm_ballmap.xlsx!i.mx95_19mm_SPN_r1.0,HIGH,false,
AC21,VDD_ANA_1P8,,POWER,POWER,POWER,VDD_ANA_1P8,IMX95IEC,attached:i.mx95_19mm_ballmap.xlsx!i.mx95_19mm_SPN_r1.0,HIGH,false,
AC23,NVCC_CCM_DAP,,POWER,POWER,POWER,NVCC_CCM_DAP,IMX95IEC,attached:i.mx95_19mm_ballmap.xlsx!i.mx95_19mm_SPN_r1.0,HIGH,false,
AC25,NVCC_ENET,,POWER,POWER,POWER,NVCC_ENET,IMX95IEC,attached:i.mx95_19mm_ballmap.xlsx!i.mx95_19mm_SPN_r1.0,HIGH,false,
AC27,VSS,,GROUND,GND,POWER,GND,IMX95IEC,attached:i.mx95_19mm_ballmap.xlsx!i.mx95_19mm_SPN_r1.0,HIGH,false,
AC29,VSS,,GROUND,GND,POWER,GND,IMX95IEC,attached:i.mx95_19mm_ballmap.xlsx!i.mx95_19mm_SPN_r1.0,HIGH,false,
AC31,VSS,,GROUND,GND,POWER,GND,IMX95IEC,attached:i.mx95_19mm_ballmap.xlsx!i.mx95_19mm_SPN_r1.0,HIGH,false,
AC33,VSS,,GROUND,GND,POWER,GND,IMX95IEC,attached:i.mx95_19mm_ballmap.xlsx!i.mx95_19mm_SPN_r1.0,HIGH,false,
AC35,VSS,,GROUND,GND,POWER,GND,IMX95IEC,attached:i.mx95_19mm_ballmap.xlsx!i.mx95_19mm_SPN_r1.0,HIGH,false,
AC37,VSS,,GROUND,GND,POWER,GND,IMX95IEC,attached:i.mx95_19mm_ballmap.xlsx!i.mx95_19mm_SPN_r1.0,HIGH,false,
AC39,VSS,,GROUND,GND,POWER,GND,IMX95IEC,attached:i.mx95_19mm_ballmap.xlsx!i.mx95_19mm_SPN_r1.0,HIGH,false,
AC41,VDD_EARC_1P8,,POWER,POWER,POWER,VDD_EARC_1P8,IMX95IEC,attached:i.mx95_19mm_ballmap.xlsx!i.mx95_19mm_SPN_r1.0,HIGH,false,
AC43,VSS,,GROUND,GND,POWER,GND,IMX95IEC,attached:i.mx95_19mm_ballmap.xlsx!i.mx95_19mm_SPN_r1.0,HIGH,false,
AC45,SD1_DATA7,SEE_IMX95_PINMUX_SHEET,IO,NVCC_WAKEUP,GPIO_PERIPH_CANDIDATE,SD1_DATA7,IMX95IEC,attached:i.mx95_19mm_ballmap.xlsx!i.mx95_19mm_SPN_r1.0,MEDIUM,false,
AC47,VSS,,GROUND,GND,POWER,GND,IMX95IEC,attached:i.mx95_19mm_ballmap.xlsx!i.mx95_19mm_SPN_r1.0,HIGH,false,
AC49,SD2_DATA1,SEE_IMX95_PINMUX_SHEET,IO,NVCC_SD2,GPIO_PERIPH_CANDIDATE,SD2_DATA1,IMX95IEC,attached:i.mx95_19mm_ballmap.xlsx!i.mx95_19mm_SPN_r1.0,MEDIUM,false,
AC51,SD2_DATA0,SEE_IMX95_PINMUX_SHEET,IO,NVCC_SD2,GPIO_PERIPH_CANDIDATE,SD2_DATA0,IMX95IEC,attached:i.mx95_19mm_ballmap.xlsx!i.mx95_19mm_SPN_r1.0,MEDIUM,false,
AD2,DRAM_DQ04_A,,DDR,VDDQ_DDR,LPDDR5,DRAM_DQ04_A,IMX95IEC,attached:i.mx95_19mm_ballmap.xlsx!i.mx95_19mm_SPN_r1.0,HIGH,false,
AD4,DRAM_DQ05_A,,DDR,VDDQ_DDR,LPDDR5,DRAM_DQ05_A,IMX95IEC,attached:i.mx95_19mm_ballmap.xlsx!i.mx95_19mm_SPN_r1.0,HIGH,false,
AD6,VSS,,GROUND,GND,POWER,GND,IMX95IEC,attached:i.mx95_19mm_ballmap.xlsx!i.mx95_19mm_SPN_r1.0,HIGH,false,
AD8,DRAM_DQS0_C_A,,DDR,VDDQ_DDR,LPDDR5,DRAM_DQS0_C_A,IMX95IEC,attached:i.mx95_19mm_ballmap.xlsx!i.mx95_19mm_SPN_r1.0,HIGH,false,
AD10,DRAM_DQS0_T_A,,DDR,VDDQ_DDR,LPDDR5,DRAM_DQS0_T_A,IMX95IEC,attached:i.mx95_19mm_ballmap.xlsx!i.mx95_19mm_SPN_r1.0,HIGH,false,
AD12,VDDQ_DDR,,POWER,POWER,POWER,VDDQ_DDR,IMX95IEC,attached:i.mx95_19mm_ballmap.xlsx!i.mx95_19mm_SPN_r1.0,HIGH,false,
AD14,VSS,,GROUND,GND,POWER,GND,IMX95IEC,attached:i.mx95_19mm_ballmap.xlsx!i.mx95_19mm_SPN_r1.0,HIGH,false,
AD16,VSS,,GROUND,GND,POWER,GND,IMX95IEC,attached:i.mx95_19mm_ballmap.xlsx!i.mx95_19mm_SPN_r1.0,HIGH,false,
AD18,VDD_ETH_0P8,,POWER,POWER,POWER,VDD_ETH_0P8,IMX95IEC,attached:i.mx95_19mm_ballmap.xlsx!i.mx95_19mm_SPN_r1.0,HIGH,false,
AD20,VDD_ETH_1P8,,POWER,POWER,POWER,VDD_ETH_1P8,IMX95IEC,attached:i.mx95_19mm_ballmap.xlsx!i.mx95_19mm_SPN_r1.0,HIGH,false,
AD22,VDD_ETH_1P8,,POWER,POWER,POWER,VDD_ETH_1P8,IMX95IEC,attached:i.mx95_19mm_ballmap.xlsx!i.mx95_19mm_SPN_r1.0,HIGH,false,
AD24,NVCC_CCM_DAP,,POWER,POWER,POWER,NVCC_CCM_DAP,IMX95IEC,attached:i.mx95_19mm_ballmap.xlsx!i.mx95_19mm_SPN_r1.0,HIGH,false,
AD26,NVCC_ENET,,POWER,POWER,POWER,NVCC_ENET,IMX95IEC,attached:i.mx95_19mm_ballmap.xlsx!i.mx95_19mm_SPN_r1.0,HIGH,false,
AD28,VDD_ANA_0P8,,POWER,POWER,POWER,VDD_ANA_0P8,IMX95IEC,attached:i.mx95_19mm_ballmap.xlsx!i.mx95_19mm_SPN_r1.0,HIGH,false,
AD30,VDD_ANA_0P8,,POWER,POWER,POWER,VDD_ANA_0P8,IMX95IEC,attached:i.mx95_19mm_ballmap.xlsx!i.mx95_19mm_SPN_r1.0,HIGH,false,
AD32,NVCC_WAKEUP,,POWER,POWER,POWER,NVCC_WAKEUP,IMX95IEC,attached:i.mx95_19mm_ballmap.xlsx!i.mx95_19mm_SPN_r1.0,HIGH,false,
AD34,NVCC_WAKEUP,,POWER,POWER,POWER,NVCC_WAKEUP,IMX95IEC,attached:i.mx95_19mm_ballmap.xlsx!i.mx95_19mm_SPN_r1.0,HIGH,false,
AD36,NVCC_SD2,,POWER,POWER,POWER,NVCC_SD2,IMX95IEC,attached:i.mx95_19mm_ballmap.xlsx!i.mx95_19mm_SPN_r1.0,HIGH,false,
AD38,NVCC_SD2,,POWER,POWER,POWER,NVCC_SD2,IMX95IEC,attached:i.mx95_19mm_ballmap.xlsx!i.mx95_19mm_SPN_r1.0,HIGH,false,
AD40,VSS_SOC_SENSE,,GROUND,GND,POWER,GND,IMX95IEC,attached:i.mx95_19mm_ballmap.xlsx!i.mx95_19mm_SPN_r1.0,HIGH,false,
AD42,VDD_SOC_SENSE,,POWER,POWER,POWER,VDD_SOC_SENSE,IMX95IEC,attached:i.mx95_19mm_ballmap.xlsx!i.mx95_19mm_SPN_r1.0,HIGH,false,
AD44,SD1_DATA6,SEE_IMX95_PINMUX_SHEET,IO,NVCC_WAKEUP,GPIO_PERIPH_CANDIDATE,SD1_DATA6,IMX95IEC,attached:i.mx95_19mm_ballmap.xlsx!i.mx95_19mm_SPN_r1.0,MEDIUM,false,
AD46,SD1_DATA2,SEE_IMX95_PINMUX_SHEET,IO,NVCC_WAKEUP,GPIO_PERIPH_CANDIDATE,SD1_DATA2,IMX95IEC,attached:i.mx95_19mm_ballmap.xlsx!i.mx95_19mm_SPN_r1.0,MEDIUM,false,
AD48,SD2_CD_B,SEE_IMX95_PINMUX_SHEET,IO,NVCC_SD2,GPIO_PERIPH_CANDIDATE,SD2_CD_B,IMX95IEC,attached:i.mx95_19mm_ballmap.xlsx!i.mx95_19mm_SPN_r1.0,MEDIUM,false,
AD50,VSS,,GROUND,GND,POWER,GND,IMX95IEC,attached:i.mx95_19mm_ballmap.xlsx!i.mx95_19mm_SPN_r1.0,HIGH,false,
AD52,SD2_RESET_B,SEE_IMX95_PINMUX_SHEET,IO,NVCC_SD2,GPIO_PERIPH_CANDIDATE,SD2_RESET_B,IMX95IEC,attached:i.mx95_19mm_ballmap.xlsx!i.mx95_19mm_SPN_r1.0,MEDIUM,false,
AE1,DRAM_DQ01_A,,DDR,VDDQ_DDR,LPDDR5,DRAM_DQ01_A,IMX95IEC,attached:i.mx95_19mm_ballmap.xlsx!i.mx95_19mm_SPN_r1.0,HIGH,false,
AE3,VSS,,GROUND,GND,POWER,GND,IMX95IEC,attached:i.mx95_19mm_ballmap.xlsx!i.mx95_19mm_SPN_r1.0,HIGH,false,
AE5,DRAM_DQ03_A,,DDR,VDDQ_DDR,LPDDR5,DRAM_DQ03_A,IMX95IEC,attached:i.mx95_19mm_ballmap.xlsx!i.mx95_19mm_SPN_r1.0,HIGH,false,
AE7,DRAM_DQ14_A,,DDR,VDDQ_DDR,LPDDR5,DRAM_DQ14_A,IMX95IEC,attached:i.mx95_19mm_ballmap.xlsx!i.mx95_19mm_SPN_r1.0,HIGH,false,
AE9,VSS,,GROUND,GND,POWER,GND,IMX95IEC,attached:i.mx95_19mm_ballmap.xlsx!i.mx95_19mm_SPN_r1.0,HIGH,false,
AE11,DRAM_DQ13_A,,DDR,VDDQ_DDR,LPDDR5,DRAM_DQ13_A,IMX95IEC,attached:i.mx95_19mm_ballmap.xlsx!i.mx95_19mm_SPN_r1.0,HIGH,false,
AE13,VDDQ_DDR,,POWER,POWER,POWER,VDDQ_DDR,IMX95IEC,attached:i.mx95_19mm_ballmap.xlsx!i.mx95_19mm_SPN_r1.0,HIGH,false,
AE15,VSS,,GROUND,GND,POWER,GND,IMX95IEC,attached:i.mx95_19mm_ballmap.xlsx!i.mx95_19mm_SPN_r1.0,HIGH,false,
AE17,VDD_ETH_0P8,,POWER,POWER,POWER,VDD_ETH_0P8,IMX95IEC,attached:i.mx95_19mm_ballmap.xlsx!i.mx95_19mm_SPN_r1.0,HIGH,false,
AE19,VSS,,GROUND,GND,POWER,GND,IMX95IEC,attached:i.mx95_19mm_ballmap.xlsx!i.mx95_19mm_SPN_r1.0,HIGH,false,
AE21,VSS,,GROUND,GND,POWER,GND,IMX95IEC,attached:i.mx95_19mm_ballmap.xlsx!i.mx95_19mm_SPN_r1.0,HIGH,false,
AE23,VSS,,GROUND,GND,POWER,GND,IMX95IEC,attached:i.mx95_19mm_ballmap.xlsx!i.mx95_19mm_SPN_r1.0,HIGH,false,
AE25,VSS,,GROUND,GND,POWER,GND,IMX95IEC,attached:i.mx95_19mm_ballmap.xlsx!i.mx95_19mm_SPN_r1.0,HIGH,false,
AE27,VSS,,GROUND,GND,POWER,GND,IMX95IEC,attached:i.mx95_19mm_ballmap.xlsx!i.mx95_19mm_SPN_r1.0,HIGH,false,
AE29,VSS,,GROUND,GND,POWER,GND,IMX95IEC,attached:i.mx95_19mm_ballmap.xlsx!i.mx95_19mm_SPN_r1.0,HIGH,false,
AE31,VSS,,GROUND,GND,POWER,GND,IMX95IEC,attached:i.mx95_19mm_ballmap.xlsx!i.mx95_19mm_SPN_r1.0,HIGH,false,
AE33,VSS,,GROUND,GND,POWER,GND,IMX95IEC,attached:i.mx95_19mm_ballmap.xlsx!i.mx95_19mm_SPN_r1.0,HIGH,false,
AE35,VSS,,GROUND,GND,POWER,GND,IMX95IEC,attached:i.mx95_19mm_ballmap.xlsx!i.mx95_19mm_SPN_r1.0,HIGH,false,
AE37,VSS,,GROUND,GND,POWER,GND,IMX95IEC,attached:i.mx95_19mm_ballmap.xlsx!i.mx95_19mm_SPN_r1.0,HIGH,false,
AE39,VSS,,GROUND,GND,POWER,GND,IMX95IEC,attached:i.mx95_19mm_ballmap.xlsx!i.mx95_19mm_SPN_r1.0,HIGH,false,
AE41,VSS,,GROUND,GND,POWER,GND,IMX95IEC,attached:i.mx95_19mm_ballmap.xlsx!i.mx95_19mm_SPN_r1.0,HIGH,false,
AE43,VSS,,GROUND,GND,POWER,GND,IMX95IEC,attached:i.mx95_19mm_ballmap.xlsx!i.mx95_19mm_SPN_r1.0,HIGH,false,
AE45,SD1_DATA1,SEE_IMX95_PINMUX_SHEET,IO,NVCC_WAKEUP,GPIO_PERIPH_CANDIDATE,SD1_DATA1,IMX95IEC,attached:i.mx95_19mm_ballmap.xlsx!i.mx95_19mm_SPN_r1.0,MEDIUM,false,
AE47,VSS,,GROUND,GND,POWER,GND,IMX95IEC,attached:i.mx95_19mm_ballmap.xlsx!i.mx95_19mm_SPN_r1.0,HIGH,false,
AE49,SD3_DATA2,SEE_IMX95_PINMUX_SHEET,IO,NVCC_WAKEUP,GPIO_PERIPH_CANDIDATE,SD3_DATA2,IMX95IEC,attached:i.mx95_19mm_ballmap.xlsx!i.mx95_19mm_SPN_r1.0,MEDIUM,false,
AE51,SD2_VSELECT,SEE_IMX95_PINMUX_SHEET,IO,NVCC_WAKEUP,GPIO_PERIPH_CANDIDATE,SD2_VSELECT,IMX95IEC,attached:i.mx95_19mm_ballmap.xlsx!i.mx95_19mm_SPN_r1.0,MEDIUM,false,
AF2,DRAM_DMI0_A,,DDR,VDDQ_DDR,LPDDR5,DRAM_DMI0_A,IMX95IEC,attached:i.mx95_19mm_ballmap.xlsx!i.mx95_19mm_SPN_r1.0,HIGH,false,
AF4,DRAM_DQ02_A,,DDR,VDDQ_DDR,LPDDR5,DRAM_DQ02_A,IMX95IEC,attached:i.mx95_19mm_ballmap.xlsx!i.mx95_19mm_SPN_r1.0,HIGH,false,
AF6,VSS,,GROUND,GND,POWER,GND,IMX95IEC,attached:i.mx95_19mm_ballmap.xlsx!i.mx95_19mm_SPN_r1.0,HIGH,false,
AF8,DRAM_DQ15_A,,DDR,VDDQ_DDR,LPDDR5,DRAM_DQ15_A,IMX95IEC,attached:i.mx95_19mm_ballmap.xlsx!i.mx95_19mm_SPN_r1.0,HIGH,false,
AF10,DRAM_DQ10_A,,DDR,VDDQ_DDR,LPDDR5,DRAM_DQ10_A,IMX95IEC,attached:i.mx95_19mm_ballmap.xlsx!i.mx95_19mm_SPN_r1.0,HIGH,false,
AF12,VSS,,GROUND,GND,POWER,GND,IMX95IEC,attached:i.mx95_19mm_ballmap.xlsx!i.mx95_19mm_SPN_r1.0,HIGH,false,
AF14,ETH_REF_PAD_CLK_N,,ETHERNET,ETH_VP,GBE_OR_10GBE,ETH_REF_PAD_CLK_N,IMX95IEC,attached:i.mx95_19mm_ballmap.xlsx!i.mx95_19mm_SPN_r1.0,HIGH,false,
AF16,VSS,,GROUND,GND,POWER,GND,IMX95IEC,attached:i.mx95_19mm_ballmap.xlsx!i.mx95_19mm_SPN_r1.0,HIGH,false,
AF18,VSS,,GROUND,GND,POWER,GND,IMX95IEC,attached:i.mx95_19mm_ballmap.xlsx!i.mx95_19mm_SPN_r1.0,HIGH,false,
AF20,CCM_CLKO2,SEE_IMX95_PINMUX_SHEET,IO,NVCC_CCM_DAP,GPIO_PERIPH_CANDIDATE,CCM_CLKO2,IMX95IEC,attached:i.mx95_19mm_ballmap.xlsx!i.mx95_19mm_SPN_r1.0,MEDIUM,false,
AF22,VSS,,GROUND,GND,POWER,GND,IMX95IEC,attached:i.mx95_19mm_ballmap.xlsx!i.mx95_19mm_SPN_r1.0,HIGH,false,
AF24,ENET2_TX_CTL,,ETHERNET,NVCC_ENET,GBE_OR_10GBE,ENET2_TX_CTL,IMX95IEC,attached:i.mx95_19mm_ballmap.xlsx!i.mx95_19mm_SPN_r1.0,HIGH,false,
AF26,VSS,,GROUND,GND,POWER,GND,IMX95IEC,attached:i.mx95_19mm_ballmap.xlsx!i.mx95_19mm_SPN_r1.0,HIGH,false,
AF28,ENET2_TD2,,ETHERNET,NVCC_ENET,GBE_OR_10GBE,ENET2_TD2,IMX95IEC,attached:i.mx95_19mm_ballmap.xlsx!i.mx95_19mm_SPN_r1.0,HIGH,false,
AF30,VSS,,GROUND,GND,POWER,GND,IMX95IEC,attached:i.mx95_19mm_ballmap.xlsx!i.mx95_19mm_SPN_r1.0,HIGH,false,
AF32,ENET1_TX_CTL,,ETHERNET,NVCC_ENET,GBE_OR_10GBE,ENET1_TX_CTL,IMX95IEC,attached:i.mx95_19mm_ballmap.xlsx!i.mx95_19mm_SPN_r1.0,HIGH,false,
AF34,VSS,,GROUND,GND,POWER,GND,IMX95IEC,attached:i.mx95_19mm_ballmap.xlsx!i.mx95_19mm_SPN_r1.0,HIGH,false,
AF36,ENET1_TD2,,ETHERNET,NVCC_ENET,GBE_OR_10GBE,ENET1_TD2,IMX95IEC,attached:i.mx95_19mm_ballmap.xlsx!i.mx95_19mm_SPN_r1.0,HIGH,false,
AF38,VSS,,GROUND,GND,POWER,GND,IMX95IEC,attached:i.mx95_19mm_ballmap.xlsx!i.mx95_19mm_SPN_r1.0,HIGH,false,
AF40,SD1_CMD,SEE_IMX95_PINMUX_SHEET,IO,NVCC_WAKEUP,GPIO_PERIPH_CANDIDATE,SD1_CMD,IMX95IEC,attached:i.mx95_19mm_ballmap.xlsx!i.mx95_19mm_SPN_r1.0,MEDIUM,false,
AF42,VSS,,GROUND,GND,POWER,GND,IMX95IEC,attached:i.mx95_19mm_ballmap.xlsx!i.mx95_19mm_SPN_r1.0,HIGH,false,
AF44,SD1_DATA4,SEE_IMX95_PINMUX_SHEET,IO,NVCC_WAKEUP,GPIO_PERIPH_CANDIDATE,SD1_DATA4,IMX95IEC,attached:i.mx95_19mm_ballmap.xlsx!i.mx95_19mm_SPN_r1.0,MEDIUM,false,
AF46,VSS,,GROUND,GND,POWER,GND,IMX95IEC,attached:i.mx95_19mm_ballmap.xlsx!i.mx95_19mm_SPN_r1.0,HIGH,false,
AF48,SD3_CMD,SEE_IMX95_PINMUX_SHEET,IO,NVCC_WAKEUP,GPIO_PERIPH_CANDIDATE,SD3_CMD,IMX95IEC,attached:i.mx95_19mm_ballmap.xlsx!i.mx95_19mm_SPN_r1.0,MEDIUM,false,
AF50,VSS,,GROUND,GND,POWER,GND,IMX95IEC,attached:i.mx95_19mm_ballmap.xlsx!i.mx95_19mm_SPN_r1.0,HIGH,false,
AF52,SD3_DATA3,SEE_IMX95_PINMUX_SHEET,IO,NVCC_WAKEUP,GPIO_PERIPH_CANDIDATE,SD3_DATA3,IMX95IEC,attached:i.mx95_19mm_ballmap.xlsx!i.mx95_19mm_SPN_r1.0,MEDIUM,false,
AG1,DRAM_DQ00_A,,DDR,VDDQ_DDR,LPDDR5,DRAM_DQ00_A,IMX95IEC,attached:i.mx95_19mm_ballmap.xlsx!i.mx95_19mm_SPN_r1.0,HIGH,false,
AG3,VSS,,GROUND,GND,POWER,GND,IMX95IEC,attached:i.mx95_19mm_ballmap.xlsx!i.mx95_19mm_SPN_r1.0,HIGH,false,
AG5,VSS,,GROUND,GND,POWER,GND,IMX95IEC,attached:i.mx95_19mm_ballmap.xlsx!i.mx95_19mm_SPN_r1.0,HIGH,false,
AG7,DRAM_DQ12_A,,DDR,VDDQ_DDR,LPDDR5,DRAM_DQ12_A,IMX95IEC,attached:i.mx95_19mm_ballmap.xlsx!i.mx95_19mm_SPN_r1.0,HIGH,false,
AG9,VSS,,GROUND,GND,POWER,GND,IMX95IEC,attached:i.mx95_19mm_ballmap.xlsx!i.mx95_19mm_SPN_r1.0,HIGH,false,
AG11,DRAM_DQ11_A,,DDR,VDDQ_DDR,LPDDR5,DRAM_DQ11_A,IMX95IEC,attached:i.mx95_19mm_ballmap.xlsx!i.mx95_19mm_SPN_r1.0,HIGH,false,
AG13,VSS,,GROUND,GND,POWER,GND,IMX95IEC,attached:i.mx95_19mm_ballmap.xlsx!i.mx95_19mm_SPN_r1.0,HIGH,false,
AG15,ETH_REF_PAD_CLK_P,,ETHERNET,ETH_VP,GBE_OR_10GBE,ETH_REF_PAD_CLK_P,IMX95IEC,attached:i.mx95_19mm_ballmap.xlsx!i.mx95_19mm_SPN_r1.0,HIGH,false,
AG17,ETH_RESREF,,ETHERNET,ETH_VPH,GBE_OR_10GBE,ETH_RESREF,IMX95IEC,attached:i.mx95_19mm_ballmap.xlsx!i.mx95_19mm_SPN_r1.0,HIGH,false,
AG19,VSS,,GROUND,GND,POWER,GND,IMX95IEC,attached:i.mx95_19mm_ballmap.xlsx!i.mx95_19mm_SPN_r1.0,HIGH,false,
AG21,DAP_TCLK_SWCLK,SEE_IMX95_PINMUX_SHEET,IO,NVCC_CCM_DAP,GPIO_PERIPH_CANDIDATE,DAP_TCLK_SWCLK,IMX95IEC,attached:i.mx95_19mm_ballmap.xlsx!i.mx95_19mm_SPN_r1.0,MEDIUM,false,
AG23,ENET2_TXC,,ETHERNET,NVCC_ENET,GBE_OR_10GBE,ENET2_TXC,IMX95IEC,attached:i.mx95_19mm_ballmap.xlsx!i.mx95_19mm_SPN_r1.0,HIGH,false,
AG25,ENET2_TD0,,ETHERNET,NVCC_ENET,GBE_OR_10GBE,ENET2_TD0,IMX95IEC,attached:i.mx95_19mm_ballmap.xlsx!i.mx95_19mm_SPN_r1.0,HIGH,false,
AG27,ENET2_TD1,,ETHERNET,NVCC_ENET,GBE_OR_10GBE,ENET2_TD1,IMX95IEC,attached:i.mx95_19mm_ballmap.xlsx!i.mx95_19mm_SPN_r1.0,HIGH,false,
AG29,ENET2_TD3,,ETHERNET,NVCC_ENET,GBE_OR_10GBE,ENET2_TD3,IMX95IEC,attached:i.mx95_19mm_ballmap.xlsx!i.mx95_19mm_SPN_r1.0,HIGH,false,
AG31,ENET1_TXC,,ETHERNET,NVCC_ENET,GBE_OR_10GBE,ENET1_TXC,IMX95IEC,attached:i.mx95_19mm_ballmap.xlsx!i.mx95_19mm_SPN_r1.0,HIGH,false,
AG33,ENET1_TD0,,ETHERNET,NVCC_ENET,GBE_OR_10GBE,ENET1_TD0,IMX95IEC,attached:i.mx95_19mm_ballmap.xlsx!i.mx95_19mm_SPN_r1.0,HIGH,false,
AG35,ENET1_TD1,,ETHERNET,NVCC_ENET,GBE_OR_10GBE,ENET1_TD1,IMX95IEC,attached:i.mx95_19mm_ballmap.xlsx!i.mx95_19mm_SPN_r1.0,HIGH,false,
AG37,ENET1_TD3,,ETHERNET,NVCC_ENET,GBE_OR_10GBE,ENET1_TD3,IMX95IEC,attached:i.mx95_19mm_ballmap.xlsx!i.mx95_19mm_SPN_r1.0,HIGH,false,
AG39,SD1_CLK,SEE_IMX95_PINMUX_SHEET,IO,NVCC_WAKEUP,GPIO_PERIPH_CANDIDATE,SD1_CLK,IMX95IEC,attached:i.mx95_19mm_ballmap.xlsx!i.mx95_19mm_SPN_r1.0,MEDIUM,false,
AG41,SD1_STROBE,SEE_IMX95_PINMUX_SHEET,IO,NVCC_WAKEUP,GPIO_PERIPH_CANDIDATE,SD1_STROBE,IMX95IEC,attached:i.mx95_19mm_ballmap.xlsx!i.mx95_19mm_SPN_r1.0,MEDIUM,false,
AG43,SD1_DATA3,SEE_IMX95_PINMUX_SHEET,IO,NVCC_WAKEUP,GPIO_PERIPH_CANDIDATE,SD1_DATA3,IMX95IEC,attached:i.mx95_19mm_ballmap.xlsx!i.mx95_19mm_SPN_r1.0,MEDIUM,false,
AG45,SD1_DATA0,SEE_IMX95_PINMUX_SHEET,IO,NVCC_WAKEUP,GPIO_PERIPH_CANDIDATE,SD1_DATA0,IMX95IEC,attached:i.mx95_19mm_ballmap.xlsx!i.mx95_19mm_SPN_r1.0,MEDIUM,false,
AG47,SD1_DATA5,SEE_IMX95_PINMUX_SHEET,IO,NVCC_WAKEUP,GPIO_PERIPH_CANDIDATE,SD1_DATA5,IMX95IEC,attached:i.mx95_19mm_ballmap.xlsx!i.mx95_19mm_SPN_r1.0,MEDIUM,false,
AG49,SD3_DATA0,SEE_IMX95_PINMUX_SHEET,IO,NVCC_WAKEUP,GPIO_PERIPH_CANDIDATE,SD3_DATA0,IMX95IEC,attached:i.mx95_19mm_ballmap.xlsx!i.mx95_19mm_SPN_r1.0,MEDIUM,false,
AG51,SD3_CLK,SEE_IMX95_PINMUX_SHEET,IO,NVCC_WAKEUP,GPIO_PERIPH_CANDIDATE,SD3_CLK,IMX95IEC,attached:i.mx95_19mm_ballmap.xlsx!i.mx95_19mm_SPN_r1.0,MEDIUM,false,
AH2,DRAM_WCK1_T_A,,DDR,VDDQ_DDR,LPDDR5,DRAM_WCK1_T_A,IMX95IEC,attached:i.mx95_19mm_ballmap.xlsx!i.mx95_19mm_SPN_r1.0,HIGH,false,
AH4,DRAM_WCK1_C_A,,DDR,VDDQ_DDR,LPDDR5,DRAM_WCK1_C_A,IMX95IEC,attached:i.mx95_19mm_ballmap.xlsx!i.mx95_19mm_SPN_r1.0,HIGH,false,
AH6,VSS,,GROUND,GND,POWER,GND,IMX95IEC,attached:i.mx95_19mm_ballmap.xlsx!i.mx95_19mm_SPN_r1.0,HIGH,false,
AH8,DRAM_DMI1_A,,DDR,VDDQ_DDR,LPDDR5,DRAM_DMI1_A,IMX95IEC,attached:i.mx95_19mm_ballmap.xlsx!i.mx95_19mm_SPN_r1.0,HIGH,false,
AH10,DRAM_DQ09_A,,DDR,VDDQ_DDR,LPDDR5,DRAM_DQ09_A,IMX95IEC,attached:i.mx95_19mm_ballmap.xlsx!i.mx95_19mm_SPN_r1.0,HIGH,false,
AH12,VSS,,GROUND,GND,POWER,GND,IMX95IEC,attached:i.mx95_19mm_ballmap.xlsx!i.mx95_19mm_SPN_r1.0,HIGH,false,
AH14,VSS,,GROUND,GND,POWER,GND,IMX95IEC,attached:i.mx95_19mm_ballmap.xlsx!i.mx95_19mm_SPN_r1.0,HIGH,false,
AH16,VSS,,GROUND,GND,POWER,GND,IMX95IEC,attached:i.mx95_19mm_ballmap.xlsx!i.mx95_19mm_SPN_r1.0,HIGH,false,
AH18,VSS,,GROUND,GND,POWER,GND,IMX95IEC,attached:i.mx95_19mm_ballmap.xlsx!i.mx95_19mm_SPN_r1.0,HIGH,false,
AH20,CCM_CLKO1,SEE_IMX95_PINMUX_SHEET,IO,NVCC_CCM_DAP,GPIO_PERIPH_CANDIDATE,CCM_CLKO1,IMX95IEC,attached:i.mx95_19mm_ballmap.xlsx!i.mx95_19mm_SPN_r1.0,MEDIUM,false,
AH22,DAP_TMS_SWDIO,SEE_IMX95_PINMUX_SHEET,IO,NVCC_CCM_DAP,GPIO_PERIPH_CANDIDATE,DAP_TMS_SWDIO,IMX95IEC,attached:i.mx95_19mm_ballmap.xlsx!i.mx95_19mm_SPN_r1.0,MEDIUM,false,
AH24,VSS,,GROUND,GND,POWER,GND,IMX95IEC,attached:i.mx95_19mm_ballmap.xlsx!i.mx95_19mm_SPN_r1.0,HIGH,false,
AH26,ENET2_RX_CTL,,ETHERNET,NVCC_ENET,GBE_OR_10GBE,ENET2_RX_CTL,IMX95IEC,attached:i.mx95_19mm_ballmap.xlsx!i.mx95_19mm_SPN_r1.0,HIGH,false,
AH28,VSS,,GROUND,GND,POWER,GND,IMX95IEC,attached:i.mx95_19mm_ballmap.xlsx!i.mx95_19mm_SPN_r1.0,HIGH,false,
AH30,ENET2_RD3,,ETHERNET,NVCC_ENET,GBE_OR_10GBE,ENET2_RD3,IMX95IEC,attached:i.mx95_19mm_ballmap.xlsx!i.mx95_19mm_SPN_r1.0,HIGH,false,
AH32,VSS,,GROUND,GND,POWER,GND,IMX95IEC,attached:i.mx95_19mm_ballmap.xlsx!i.mx95_19mm_SPN_r1.0,HIGH,false,
AH34,ENET1_RX_CTL,,ETHERNET,NVCC_ENET,GBE_OR_10GBE,ENET1_RX_CTL,IMX95IEC,attached:i.mx95_19mm_ballmap.xlsx!i.mx95_19mm_SPN_r1.0,HIGH,false,
AH36,VSS,,GROUND,GND,POWER,GND,IMX95IEC,attached:i.mx95_19mm_ballmap.xlsx!i.mx95_19mm_SPN_r1.0,HIGH,false,
AH38,ENET1_RD3,,ETHERNET,NVCC_ENET,GBE_OR_10GBE,ENET1_RD3,IMX95IEC,attached:i.mx95_19mm_ballmap.xlsx!i.mx95_19mm_SPN_r1.0,HIGH,false,
AH40,VSS,,GROUND,GND,POWER,GND,IMX95IEC,attached:i.mx95_19mm_ballmap.xlsx!i.mx95_19mm_SPN_r1.0,HIGH,false,
AH42,XSPI1_SS1_B,SEE_IMX95_PINMUX_SHEET,IO,NVCC_WAKEUP,GPIO_PERIPH_CANDIDATE,XSPI1_SS1_B,IMX95IEC,attached:i.mx95_19mm_ballmap.xlsx!i.mx95_19mm_SPN_r1.0,MEDIUM,false,
AH44,VSS,,GROUND,GND,POWER,GND,IMX95IEC,attached:i.mx95_19mm_ballmap.xlsx!i.mx95_19mm_SPN_r1.0,HIGH,false,
AH46,XSPI1_DATA1,SEE_IMX95_PINMUX_SHEET,IO,NVCC_WAKEUP,GPIO_PERIPH_CANDIDATE,XSPI1_DATA1,IMX95IEC,attached:i.mx95_19mm_ballmap.xlsx!i.mx95_19mm_SPN_r1.0,MEDIUM,false,
AH48,VSS,,GROUND,GND,POWER,GND,IMX95IEC,attached:i.mx95_19mm_ballmap.xlsx!i.mx95_19mm_SPN_r1.0,HIGH,false,
AH50,XSPI1_DATA7,SEE_IMX95_PINMUX_SHEET,IO,NVCC_WAKEUP,GPIO_PERIPH_CANDIDATE,XSPI1_DATA7,IMX95IEC,attached:i.mx95_19mm_ballmap.xlsx!i.mx95_19mm_SPN_r1.0,MEDIUM,false,
AH52,SD3_DATA1,SEE_IMX95_PINMUX_SHEET,IO,NVCC_WAKEUP,GPIO_PERIPH_CANDIDATE,SD3_DATA1,IMX95IEC,attached:i.mx95_19mm_ballmap.xlsx!i.mx95_19mm_SPN_r1.0,MEDIUM,false,
AJ1,VSS,,GROUND,GND,POWER,GND,IMX95IEC,attached:i.mx95_19mm_ballmap.xlsx!i.mx95_19mm_SPN_r1.0,HIGH,false,
AJ3,DRAM_DQS1_C_A,,DDR,VDDQ_DDR,LPDDR5,DRAM_DQS1_C_A,IMX95IEC,attached:i.mx95_19mm_ballmap.xlsx!i.mx95_19mm_SPN_r1.0,HIGH,false,
AJ5,VSS,,GROUND,GND,POWER,GND,IMX95IEC,attached:i.mx95_19mm_ballmap.xlsx!i.mx95_19mm_SPN_r1.0,HIGH,false,
AJ7,DRAM_DQ08_A,,DDR,VDDQ_DDR,LPDDR5,DRAM_DQ08_A,IMX95IEC,attached:i.mx95_19mm_ballmap.xlsx!i.mx95_19mm_SPN_r1.0,HIGH,false,
AJ9,VSS,,GROUND,GND,POWER,GND,IMX95IEC,attached:i.mx95_19mm_ballmap.xlsx!i.mx95_19mm_SPN_r1.0,HIGH,false,
AJ11,VSS,,GROUND,GND,POWER,GND,IMX95IEC,attached:i.mx95_19mm_ballmap.xlsx!i.mx95_19mm_SPN_r1.0,HIGH,false,
AJ13,ETH_RX0_P,,ETHERNET,ETH_VP,GBE_OR_10GBE,ETH_RX0_P,IMX95IEC,attached:i.mx95_19mm_ballmap.xlsx!i.mx95_19mm_SPN_r1.0,HIGH,false,
AJ15,VSS,,GROUND,GND,POWER,GND,IMX95IEC,attached:i.mx95_19mm_ballmap.xlsx!i.mx95_19mm_SPN_r1.0,HIGH,false,
AJ17,ETH_TX0_P,,ETHERNET,ETH_VPTX,GBE_OR_10GBE,ETH_TX0_P,IMX95IEC,attached:i.mx95_19mm_ballmap.xlsx!i.mx95_19mm_SPN_r1.0,HIGH,false,
AJ19,VSS,,GROUND,GND,POWER,GND,IMX95IEC,attached:i.mx95_19mm_ballmap.xlsx!i.mx95_19mm_SPN_r1.0,HIGH,false,
AJ21,CCM_CLKO4,SEE_IMX95_PINMUX_SHEET,IO,NVCC_CCM_DAP,GPIO_PERIPH_CANDIDATE,CCM_CLKO4,IMX95IEC,attached:i.mx95_19mm_ballmap.xlsx!i.mx95_19mm_SPN_r1.0,MEDIUM,false,
AJ23,DAP_TDO_TRACESWO,SEE_IMX95_PINMUX_SHEET,IO,NVCC_CCM_DAP,GPIO_PERIPH_CANDIDATE,DAP_TDO_TRACESWO,IMX95IEC,attached:i.mx95_19mm_ballmap.xlsx!i.mx95_19mm_SPN_r1.0,MEDIUM,false,
AJ25,ENET2_RXC,,ETHERNET,NVCC_ENET,GBE_OR_10GBE,ENET2_RXC,IMX95IEC,attached:i.mx95_19mm_ballmap.xlsx!i.mx95_19mm_SPN_r1.0,HIGH,false,
AJ27,ENET2_RD0,,ETHERNET,NVCC_ENET,GBE_OR_10GBE,ENET2_RD0,IMX95IEC,attached:i.mx95_19mm_ballmap.xlsx!i.mx95_19mm_SPN_r1.0,HIGH,false,
AJ29,ENET2_RD2,,ETHERNET,NVCC_ENET,GBE_OR_10GBE,ENET2_RD2,IMX95IEC,attached:i.mx95_19mm_ballmap.xlsx!i.mx95_19mm_SPN_r1.0,HIGH,false,
AJ31,ENET2_MDIO,,ETHERNET,NVCC_ENET,GBE_OR_10GBE,ENET2_MDIO,IMX95IEC,attached:i.mx95_19mm_ballmap.xlsx!i.mx95_19mm_SPN_r1.0,HIGH,false,
AJ33,ENET1_RXC,,ETHERNET,NVCC_ENET,GBE_OR_10GBE,ENET1_RXC,IMX95IEC,attached:i.mx95_19mm_ballmap.xlsx!i.mx95_19mm_SPN_r1.0,HIGH,false,
AJ35,ENET1_RD0,,ETHERNET,NVCC_ENET,GBE_OR_10GBE,ENET1_RD0,IMX95IEC,attached:i.mx95_19mm_ballmap.xlsx!i.mx95_19mm_SPN_r1.0,HIGH,false,
AJ37,ENET1_RD2,,ETHERNET,NVCC_ENET,GBE_OR_10GBE,ENET1_RD2,IMX95IEC,attached:i.mx95_19mm_ballmap.xlsx!i.mx95_19mm_SPN_r1.0,HIGH,false,
AJ39,ENET1_MDIO,,ETHERNET,NVCC_ENET,GBE_OR_10GBE,ENET1_MDIO,IMX95IEC,attached:i.mx95_19mm_ballmap.xlsx!i.mx95_19mm_SPN_r1.0,HIGH,false,
AJ41,XSPI1_SS0_B,SEE_IMX95_PINMUX_SHEET,IO,NVCC_WAKEUP,GPIO_PERIPH_CANDIDATE,XSPI1_SS0_B,IMX95IEC,attached:i.mx95_19mm_ballmap.xlsx!i.mx95_19mm_SPN_r1.0,MEDIUM,false,
AJ43,XSPI1_SCLK,SEE_IMX95_PINMUX_SHEET,IO,NVCC_WAKEUP,GPIO_PERIPH_CANDIDATE,XSPI1_SCLK,IMX95IEC,attached:i.mx95_19mm_ballmap.xlsx!i.mx95_19mm_SPN_r1.0,MEDIUM,false,
AJ45,XSPI1_DATA0,SEE_IMX95_PINMUX_SHEET,IO,NVCC_WAKEUP,GPIO_PERIPH_CANDIDATE,XSPI1_DATA0,IMX95IEC,attached:i.mx95_19mm_ballmap.xlsx!i.mx95_19mm_SPN_r1.0,MEDIUM,false,
AJ47,XSPI1_DATA2,SEE_IMX95_PINMUX_SHEET,IO,NVCC_WAKEUP,GPIO_PERIPH_CANDIDATE,XSPI1_DATA2,IMX95IEC,attached:i.mx95_19mm_ballmap.xlsx!i.mx95_19mm_SPN_r1.0,MEDIUM,false,
AJ49,XSPI1_DATA4,SEE_IMX95_PINMUX_SHEET,IO,NVCC_WAKEUP,GPIO_PERIPH_CANDIDATE,XSPI1_DATA4,IMX95IEC,attached:i.mx95_19mm_ballmap.xlsx!i.mx95_19mm_SPN_r1.0,MEDIUM,false,
AJ51,XSPI1_DATA6,SEE_IMX95_PINMUX_SHEET,IO,NVCC_WAKEUP,GPIO_PERIPH_CANDIDATE,XSPI1_DATA6,IMX95IEC,attached:i.mx95_19mm_ballmap.xlsx!i.mx95_19mm_SPN_r1.0,MEDIUM,false,
AK2,VSS,,GROUND,GND,POWER,GND,IMX95IEC,attached:i.mx95_19mm_ballmap.xlsx!i.mx95_19mm_SPN_r1.0,HIGH,false,
AK4,DRAM_DQS1_T_A,,DDR,VDDQ_DDR,LPDDR5,DRAM_DQS1_T_A,IMX95IEC,attached:i.mx95_19mm_ballmap.xlsx!i.mx95_19mm_SPN_r1.0,HIGH,false,
AK8,VSS,,GROUND,GND,POWER,GND,IMX95IEC,attached:i.mx95_19mm_ballmap.xlsx!i.mx95_19mm_SPN_r1.0,HIGH,false,
AK12,ETH_RX0_N,,ETHERNET,ETH_VP,GBE_OR_10GBE,ETH_RX0_N,IMX95IEC,attached:i.mx95_19mm_ballmap.xlsx!i.mx95_19mm_SPN_r1.0,HIGH,false,
AK16,ETH_TX0_N,,ETHERNET,ETH_VPTX,GBE_OR_10GBE,ETH_TX0_N,IMX95IEC,attached:i.mx95_19mm_ballmap.xlsx!i.mx95_19mm_SPN_r1.0,HIGH,false,
AK20,CCM_CLKO3,SEE_IMX95_PINMUX_SHEET,IO,NVCC_CCM_DAP,GPIO_PERIPH_CANDIDATE,CCM_CLKO3,IMX95IEC,attached:i.mx95_19mm_ballmap.xlsx!i.mx95_19mm_SPN_r1.0,MEDIUM,false,
AK24,DAP_TDI,SEE_IMX95_PINMUX_SHEET,IO,NVCC_CCM_DAP,GPIO_PERIPH_CANDIDATE,DAP_TDI,IMX95IEC,attached:i.mx95_19mm_ballmap.xlsx!i.mx95_19mm_SPN_r1.0,MEDIUM,false,
AK28,ENET2_RD1,,ETHERNET,NVCC_ENET,GBE_OR_10GBE,ENET2_RD1,IMX95IEC,attached:i.mx95_19mm_ballmap.xlsx!i.mx95_19mm_SPN_r1.0,HIGH,false,
AK32,ENET2_MDC,,ETHERNET,NVCC_ENET,GBE_OR_10GBE,ENET2_MDC,IMX95IEC,attached:i.mx95_19mm_ballmap.xlsx!i.mx95_19mm_SPN_r1.0,HIGH,false,
AK36,ENET1_RD1,,ETHERNET,NVCC_ENET,GBE_OR_10GBE,ENET1_RD1,IMX95IEC,attached:i.mx95_19mm_ballmap.xlsx!i.mx95_19mm_SPN_r1.0,HIGH,false,
AK40,ENET1_MDC,,ETHERNET,NVCC_ENET,GBE_OR_10GBE,ENET1_MDC,IMX95IEC,attached:i.mx95_19mm_ballmap.xlsx!i.mx95_19mm_SPN_r1.0,HIGH,false,
AK44,XSPI1_DQS,SEE_IMX95_PINMUX_SHEET,IO,NVCC_WAKEUP,GPIO_PERIPH_CANDIDATE,XSPI1_DQS,IMX95IEC,attached:i.mx95_19mm_ballmap.xlsx!i.mx95_19mm_SPN_r1.0,MEDIUM,false,
AK48,XSPI1_DATA3,SEE_IMX95_PINMUX_SHEET,IO,NVCC_WAKEUP,GPIO_PERIPH_CANDIDATE,XSPI1_DATA3,IMX95IEC,attached:i.mx95_19mm_ballmap.xlsx!i.mx95_19mm_SPN_r1.0,MEDIUM,false,
AK50,XSPI1_DATA5,SEE_IMX95_PINMUX_SHEET,IO,NVCC_WAKEUP,GPIO_PERIPH_CANDIDATE,XSPI1_DATA5,IMX95IEC,attached:i.mx95_19mm_ballmap.xlsx!i.mx95_19mm_SPN_r1.0,MEDIUM,false,
AK52,VSS,,GROUND,GND,POWER,GND,IMX95IEC,attached:i.mx95_19mm_ballmap.xlsx!i.mx95_19mm_SPN_r1.0,HIGH,false,
B2,LVDS1_D0_P,,MEDIA,VDD_LVDS_1P8,DISPLAY_CAMERA,LVDS1_D0_P,IMX95IEC,attached:i.mx95_19mm_ballmap.xlsx!i.mx95_19mm_SPN_r1.0,HIGH,false,
B4,LVDS0_CLK_P,,MEDIA,VDD_LVDS_1P8,DISPLAY_CAMERA,LVDS0_CLK_P,IMX95IEC,attached:i.mx95_19mm_ballmap.xlsx!i.mx95_19mm_SPN_r1.0,HIGH,false,
B6,MIPI_DSICSI1_D3_P,,MEDIA,MIPI_DSICSI1_VPH,DISPLAY_CAMERA,MIPI_DSICSI1_D3_P,IMX95IEC,attached:i.mx95_19mm_ballmap.xlsx!i.mx95_19mm_SPN_r1.0,HIGH,false,
B8,MIPI_DSICSI1_D2_P,,MEDIA,MIPI_DSICSI1_VPH,DISPLAY_CAMERA,MIPI_DSICSI1_D2_P,IMX95IEC,attached:i.mx95_19mm_ballmap.xlsx!i.mx95_19mm_SPN_r1.0,HIGH,false,
B10,MIPI_DSICSI1_CLK_P,,MEDIA,MIPI_DSICSI1_VPH,DISPLAY_CAMERA,MIPI_DSICSI1_CLK_P,IMX95IEC,attached:i.mx95_19mm_ballmap.xlsx!i.mx95_19mm_SPN_r1.0,HIGH,false,
B12,MIPI_DSICSI1_D1_P,,MEDIA,MIPI_DSICSI1_VPH,DISPLAY_CAMERA,MIPI_DSICSI1_D1_P,IMX95IEC,attached:i.mx95_19mm_ballmap.xlsx!i.mx95_19mm_SPN_r1.0,HIGH,false,
B14,MIPI_DSICSI1_D0_P,,MEDIA,MIPI_DSICSI1_VPH,DISPLAY_CAMERA,MIPI_DSICSI1_D0_P,IMX95IEC,attached:i.mx95_19mm_ballmap.xlsx!i.mx95_19mm_SPN_r1.0,HIGH,false,
B16,USB1_RX1_P,,USB,USB1_VP,USB_C_OR_USB2,USB1_RX1_P,IMX95IEC,attached:i.mx95_19mm_ballmap.xlsx!i.mx95_19mm_SPN_r1.0,HIGH,false,
B18,USB1_D_N,,USB,USB1_VDD33,USB_C_OR_USB2,USB1_D_N,IMX95IEC,attached:i.mx95_19mm_ballmap.xlsx!i.mx95_19mm_SPN_r1.0,HIGH,false,
B20,USB1_RX0_N,,USB,USB1_VP,USB_C_OR_USB2,USB1_RX0_N,IMX95IEC,attached:i.mx95_19mm_ballmap.xlsx!i.mx95_19mm_SPN_r1.0,HIGH,false,
B22,USB1_TXRTUNE,,USB,USB1_VDD33,USB_C_OR_USB2,USB1_TXRTUNE,IMX95IEC,attached:i.mx95_19mm_ballmap.xlsx!i.mx95_19mm_SPN_r1.0,HIGH,false,
B24,USB2_D_P,,USB,USB2_VDD33,USB_C_OR_USB2,USB2_D_P,IMX95IEC,attached:i.mx95_19mm_ballmap.xlsx!i.mx95_19mm_SPN_r1.0,HIGH,false,
B26,PCIE_REF_OUT_CLK_P,,PCIE,VDD_ANA_1P8,PCIE,PCIE_REF_OUT_CLK_P,IMX95IEC,attached:i.mx95_19mm_ballmap.xlsx!i.mx95_19mm_SPN_r1.0,HIGH,false,
B28,PCIE1_RX0_P,,PCIE,PCIE1_VP,NVME_M2,PCIE1_RX0_P,IMX95IEC,attached:i.mx95_19mm_ballmap.xlsx!i.mx95_19mm_SPN_r1.0,HIGH,false,
B30,PCIE1_REF_PAD_CLK_P,,PCIE,PCIE1_VP,NVME_M2,PCIE1_REF_PAD_CLK_P,IMX95IEC,attached:i.mx95_19mm_ballmap.xlsx!i.mx95_19mm_SPN_r1.0,HIGH,false,
B32,PCIE2_REF_PAD_CLK_P,,PCIE,PCIE2_VP,WIFI_M2,PCIE2_REF_PAD_CLK_P,IMX95IEC,attached:i.mx95_19mm_ballmap.xlsx!i.mx95_19mm_SPN_r1.0,HIGH,false,
B34,PCIE2_RX0_P,,PCIE,PCIE2_VP,WIFI_M2,PCIE2_RX0_P,IMX95IEC,attached:i.mx95_19mm_ballmap.xlsx!i.mx95_19mm_SPN_r1.0,HIGH,false,
B36,VSS,,GROUND,GND,POWER,GND,IMX95IEC,attached:i.mx95_19mm_ballmap.xlsx!i.mx95_19mm_SPN_r1.0,HIGH,false,
B38,ADC_IN1,SEE_IMX95_PINMUX_SHEET,IO,AVDD_1P8_ADC,GPIO_PERIPH_CANDIDATE,ADC_IN1,IMX95IEC,attached:i.mx95_19mm_ballmap.xlsx!i.mx95_19mm_SPN_r1.0,MEDIUM,false,
B40,ADC_IN3,SEE_IMX95_PINMUX_SHEET,IO,AVDD_1P8_ADC,GPIO_PERIPH_CANDIDATE,ADC_IN3,IMX95IEC,attached:i.mx95_19mm_ballmap.xlsx!i.mx95_19mm_SPN_r1.0,MEDIUM,false,
B42,ADC_IN5,SEE_IMX95_PINMUX_SHEET,IO,AVDD_1P8_ADC,GPIO_PERIPH_CANDIDATE,ADC_IN5,IMX95IEC,attached:i.mx95_19mm_ballmap.xlsx!i.mx95_19mm_SPN_r1.0,MEDIUM,false,
B44,ADC_IN6,SEE_IMX95_PINMUX_SHEET,IO,AVDD_1P8_ADC,GPIO_PERIPH_CANDIDATE,ADC_IN6,IMX95IEC,attached:i.mx95_19mm_ballmap.xlsx!i.mx95_19mm_SPN_r1.0,MEDIUM,false,
B46,VSS,,GROUND,GND,POWER,GND,IMX95IEC,attached:i.mx95_19mm_ballmap.xlsx!i.mx95_19mm_SPN_r1.0,HIGH,false,
B48,RTC_XTALI,SEE_IMX95_PINMUX_SHEET,IO,NVCC_BBSM,GPIO_PERIPH_CANDIDATE,RTC_XTALI,IMX95IEC,attached:i.mx95_19mm_ballmap.xlsx!i.mx95_19mm_SPN_r1.0,MEDIUM,false,
B50,XTALI_24M,SEE_IMX95_PINMUX_SHEET,IO,TOP_XTAL_VDD18,GPIO_PERIPH_CANDIDATE,XTALI_24M,IMX95IEC,attached:i.mx95_19mm_ballmap.xlsx!i.mx95_19mm_SPN_r1.0,MEDIUM,false,
B52,VSS,,GROUND,GND,POWER,GND,IMX95IEC,attached:i.mx95_19mm_ballmap.xlsx!i.mx95_19mm_SPN_r1.0,HIGH,false,
C1,LVDS1_D1_P,,MEDIA,VDD_LVDS_1P8,DISPLAY_CAMERA,LVDS1_D1_P,IMX95IEC,attached:i.mx95_19mm_ballmap.xlsx!i.mx95_19mm_SPN_r1.0,HIGH,false,
C3,LVDS1_D1_N,,MEDIA,VDD_LVDS_1P8,DISPLAY_CAMERA,LVDS1_D1_N,IMX95IEC,attached:i.mx95_19mm_ballmap.xlsx!i.mx95_19mm_SPN_r1.0,HIGH,false,
C5,VSS,,GROUND,GND,POWER,GND,IMX95IEC,attached:i.mx95_19mm_ballmap.xlsx!i.mx95_19mm_SPN_r1.0,HIGH,false,
C7,MIPI_DSICSI1_D3_N,,MEDIA,MIPI_DSICSI1_VPH,DISPLAY_CAMERA,MIPI_DSICSI1_D3_N,IMX95IEC,attached:i.mx95_19mm_ballmap.xlsx!i.mx95_19mm_SPN_r1.0,HIGH,false,
C9,VSS,,GROUND,GND,POWER,GND,IMX95IEC,attached:i.mx95_19mm_ballmap.xlsx!i.mx95_19mm_SPN_r1.0,HIGH,false,
C11,MIPI_DSICSI1_CLK_N,,MEDIA,MIPI_DSICSI1_VPH,DISPLAY_CAMERA,MIPI_DSICSI1_CLK_N,IMX95IEC,attached:i.mx95_19mm_ballmap.xlsx!i.mx95_19mm_SPN_r1.0,HIGH,false,
C13,VSS,,GROUND,GND,POWER,GND,IMX95IEC,attached:i.mx95_19mm_ballmap.xlsx!i.mx95_19mm_SPN_r1.0,HIGH,false,
C15,MIPI_DSICSI1_D0_N,,MEDIA,MIPI_DSICSI1_VPH,DISPLAY_CAMERA,MIPI_DSICSI1_D0_N,IMX95IEC,attached:i.mx95_19mm_ballmap.xlsx!i.mx95_19mm_SPN_r1.0,HIGH,false,
C17,VSS,,GROUND,GND,POWER,GND,IMX95IEC,attached:i.mx95_19mm_ballmap.xlsx!i.mx95_19mm_SPN_r1.0,HIGH,false,
C19,USB1_D_P,,USB,USB1_VDD33,USB_C_OR_USB2,USB1_D_P,IMX95IEC,attached:i.mx95_19mm_ballmap.xlsx!i.mx95_19mm_SPN_r1.0,HIGH,false,
C21,VSS,,GROUND,GND,POWER,GND,IMX95IEC,attached:i.mx95_19mm_ballmap.xlsx!i.mx95_19mm_SPN_r1.0,HIGH,false,
C23,USB1_DNU,,USB,Internal 1.8V,USB_C_OR_USB2,USB1_DNU,IMX95IEC,attached:i.mx95_19mm_ballmap.xlsx!i.mx95_19mm_SPN_r1.0,HIGH,false,
C25,VSS,,GROUND,GND,POWER,GND,IMX95IEC,attached:i.mx95_19mm_ballmap.xlsx!i.mx95_19mm_SPN_r1.0,HIGH,false,
C27,PCIE_REF_OUT_CLK_N,,PCIE,VDD_ANA_1P8,PCIE,PCIE_REF_OUT_CLK_N,IMX95IEC,attached:i.mx95_19mm_ballmap.xlsx!i.mx95_19mm_SPN_r1.0,HIGH,false,
C29,VSS,,GROUND,GND,POWER,GND,IMX95IEC,attached:i.mx95_19mm_ballmap.xlsx!i.mx95_19mm_SPN_r1.0,HIGH,false,
C31,PCIE1_REF_PAD_CLK_N,,PCIE,PCIE1_VP,NVME_M2,PCIE1_REF_PAD_CLK_N,IMX95IEC,attached:i.mx95_19mm_ballmap.xlsx!i.mx95_19mm_SPN_r1.0,HIGH,false,
C33,VSS,,GROUND,GND,POWER,GND,IMX95IEC,attached:i.mx95_19mm_ballmap.xlsx!i.mx95_19mm_SPN_r1.0,HIGH,false,
C35,PCIE2_RX0_N,,PCIE,PCIE2_VP,WIFI_M2,PCIE2_RX0_N,IMX95IEC,attached:i.mx95_19mm_ballmap.xlsx!i.mx95_19mm_SPN_r1.0,HIGH,false,
C37,VSS,,GROUND,GND,POWER,GND,IMX95IEC,attached:i.mx95_19mm_ballmap.xlsx!i.mx95_19mm_SPN_r1.0,HIGH,false,
C39,ADC_IN2,SEE_IMX95_PINMUX_SHEET,IO,AVDD_1P8_ADC,GPIO_PERIPH_CANDIDATE,ADC_IN2,IMX95IEC,attached:i.mx95_19mm_ballmap.xlsx!i.mx95_19mm_SPN_r1.0,MEDIUM,false,
C41,VSS,,GROUND,GND,POWER,GND,IMX95IEC,attached:i.mx95_19mm_ballmap.xlsx!i.mx95_19mm_SPN_r1.0,HIGH,false,
C43,PMIC_STBY_REQ,,BOOT_DEBUG,NVCC_BBSM,BOOT_DEBUG_PMIC,PMIC_STBY_REQ,IMX95IEC,attached:i.mx95_19mm_ballmap.xlsx!i.mx95_19mm_SPN_r1.0,HIGH,false,
C45,VSS,,GROUND,GND,POWER,GND,IMX95IEC,attached:i.mx95_19mm_ballmap.xlsx!i.mx95_19mm_SPN_r1.0,HIGH,false,
C47,VSS,,GROUND,GND,POWER,GND,IMX95IEC,attached:i.mx95_19mm_ballmap.xlsx!i.mx95_19mm_SPN_r1.0,HIGH,false,
C49,VSS,,GROUND,GND,POWER,GND,IMX95IEC,attached:i.mx95_19mm_ballmap.xlsx!i.mx95_19mm_SPN_r1.0,HIGH,false,
C51,XTALO_24M,SEE_IMX95_PINMUX_SHEET,IO,TOP_XTAL_VDD18,GPIO_PERIPH_CANDIDATE,XTALO_24M,IMX95IEC,attached:i.mx95_19mm_ballmap.xlsx!i.mx95_19mm_SPN_r1.0,MEDIUM,false,
D2,LVDS1_CLK_P,,MEDIA,VDD_LVDS_1P8,DISPLAY_CAMERA,LVDS1_CLK_P,IMX95IEC,attached:i.mx95_19mm_ballmap.xlsx!i.mx95_19mm_SPN_r1.0,HIGH,false,
D4,LVDS1_CLK_N,,MEDIA,VDD_LVDS_1P8,DISPLAY_CAMERA,LVDS1_CLK_N,IMX95IEC,attached:i.mx95_19mm_ballmap.xlsx!i.mx95_19mm_SPN_r1.0,HIGH,false,
D6,LVDS0_D2_P,,MEDIA,VDD_LVDS_1P8,DISPLAY_CAMERA,LVDS0_D2_P,IMX95IEC,attached:i.mx95_19mm_ballmap.xlsx!i.mx95_19mm_SPN_r1.0,HIGH,false,
D8,LVDS0_D3_P,,MEDIA,VDD_LVDS_1P8,DISPLAY_CAMERA,LVDS0_D3_P,IMX95IEC,attached:i.mx95_19mm_ballmap.xlsx!i.mx95_19mm_SPN_r1.0,HIGH,false,
D10,VSS,,GROUND,GND,POWER,GND,IMX95IEC,attached:i.mx95_19mm_ballmap.xlsx!i.mx95_19mm_SPN_r1.0,HIGH,false,
D12,VSS,,GROUND,GND,POWER,GND,IMX95IEC,attached:i.mx95_19mm_ballmap.xlsx!i.mx95_19mm_SPN_r1.0,HIGH,false,
D14,MIPI_CSI1_D2_N,,MEDIA,MIPI_CSI1_VPH,DISPLAY_CAMERA,MIPI_CSI1_D2_N,IMX95IEC,attached:i.mx95_19mm_ballmap.xlsx!i.mx95_19mm_SPN_r1.0,HIGH,false,
D16,VSS,,GROUND,GND,POWER,GND,IMX95IEC,attached:i.mx95_19mm_ballmap.xlsx!i.mx95_19mm_SPN_r1.0,HIGH,false,
D18,MIPI_CSI1_D1_N,,MEDIA,MIPI_CSI1_VPH,DISPLAY_CAMERA,MIPI_CSI1_D1_N,IMX95IEC,attached:i.mx95_19mm_ballmap.xlsx!i.mx95_19mm_SPN_r1.0,HIGH,false,
D20,VSS,,GROUND,GND,POWER,GND,IMX95IEC,attached:i.mx95_19mm_ballmap.xlsx!i.mx95_19mm_SPN_r1.0,HIGH,false,
D22,USB1_TX1_N,,USB,USB1_VPTX1,USB_C_OR_USB2,USB1_TX1_N,IMX95IEC,attached:i.mx95_19mm_ballmap.xlsx!i.mx95_19mm_SPN_r1.0,HIGH,false,
D24,VSS,,GROUND,GND,POWER,GND,IMX95IEC,attached:i.mx95_19mm_ballmap.xlsx!i.mx95_19mm_SPN_r1.0,HIGH,false,
D26,USB1_TX0_P,,USB,USB1_VPTX0,USB_C_OR_USB2,USB1_TX0_P,IMX95IEC,attached:i.mx95_19mm_ballmap.xlsx!i.mx95_19mm_SPN_r1.0,HIGH,false,
D28,VSS,,GROUND,GND,POWER,GND,IMX95IEC,attached:i.mx95_19mm_ballmap.xlsx!i.mx95_19mm_SPN_r1.0,HIGH,false,
D30,PCIE1_TX0_N,,PCIE,PCIE1_VPTX,NVME_M2,PCIE1_TX0_N,IMX95IEC,attached:i.mx95_19mm_ballmap.xlsx!i.mx95_19mm_SPN_r1.0,HIGH,false,
D32,VSS,,GROUND,GND,POWER,GND,IMX95IEC,attached:i.mx95_19mm_ballmap.xlsx!i.mx95_19mm_SPN_r1.0,HIGH,false,
D34,VSS,,GROUND,GND,POWER,GND,IMX95IEC,attached:i.mx95_19mm_ballmap.xlsx!i.mx95_19mm_SPN_r1.0,HIGH,false,
D36,VSS,,GROUND,GND,POWER,GND,IMX95IEC,attached:i.mx95_19mm_ballmap.xlsx!i.mx95_19mm_SPN_r1.0,HIGH,false,
D38,TAMPER1,SEE_IMX95_PINMUX_SHEET,IO,NVCC_BBSM,GPIO_PERIPH_CANDIDATE,TAMPER1,IMX95IEC,attached:i.mx95_19mm_ballmap.xlsx!i.mx95_19mm_SPN_r1.0,MEDIUM,false,
D40,VSS,,GROUND,GND,POWER,GND,IMX95IEC,attached:i.mx95_19mm_ballmap.xlsx!i.mx95_19mm_SPN_r1.0,HIGH,false,
D42,POR_B,,BOOT_DEBUG,NVCC_BBSM,BOOT_DEBUG_PMIC,POR_B,IMX95IEC,attached:i.mx95_19mm_ballmap.xlsx!i.mx95_19mm_SPN_r1.0,HIGH,false,
D44,PMIC_ON_REQ,,BOOT_DEBUG,NVCC_BBSM,BOOT_DEBUG_PMIC,PMIC_ON_REQ,IMX95IEC,attached:i.mx95_19mm_ballmap.xlsx!i.mx95_19mm_SPN_r1.0,HIGH,false,
D46,VSS,,GROUND,GND,POWER,GND,IMX95IEC,attached:i.mx95_19mm_ballmap.xlsx!i.mx95_19mm_SPN_r1.0,HIGH,false,
D48,I2C1_SCL,SEE_IMX95_PINMUX_SHEET,IO,NVCC_AON,GPIO_PERIPH_CANDIDATE,I2C1_SCL,IMX95IEC,attached:i.mx95_19mm_ballmap.xlsx!i.mx95_19mm_SPN_r1.0,MEDIUM,false,
D50,VSS,,GROUND,GND,POWER,GND,IMX95IEC,attached:i.mx95_19mm_ballmap.xlsx!i.mx95_19mm_SPN_r1.0,HIGH,false,
D52,I2C1_SDA,SEE_IMX95_PINMUX_SHEET,IO,NVCC_AON,GPIO_PERIPH_CANDIDATE,I2C1_SDA,IMX95IEC,attached:i.mx95_19mm_ballmap.xlsx!i.mx95_19mm_SPN_r1.0,MEDIUM,false,
E1,LVDS1_D2_P,,MEDIA,VDD_LVDS_1P8,DISPLAY_CAMERA,LVDS1_D2_P,IMX95IEC,attached:i.mx95_19mm_ballmap.xlsx!i.mx95_19mm_SPN_r1.0,HIGH,false,
E3,LVDS1_D2_N,,MEDIA,VDD_LVDS_1P8,DISPLAY_CAMERA,LVDS1_D2_N,IMX95IEC,attached:i.mx95_19mm_ballmap.xlsx!i.mx95_19mm_SPN_r1.0,HIGH,false,
E5,VSS,,GROUND,GND,POWER,GND,IMX95IEC,attached:i.mx95_19mm_ballmap.xlsx!i.mx95_19mm_SPN_r1.0,HIGH,false,
E7,LVDS0_D2_N,,MEDIA,VDD_LVDS_1P8,DISPLAY_CAMERA,LVDS0_D2_N,IMX95IEC,attached:i.mx95_19mm_ballmap.xlsx!i.mx95_19mm_SPN_r1.0,HIGH,false,
E9,LVDS0_D3_N,,MEDIA,VDD_LVDS_1P8,DISPLAY_CAMERA,LVDS0_D3_N,IMX95IEC,attached:i.mx95_19mm_ballmap.xlsx!i.mx95_19mm_SPN_r1.0,HIGH,false,
E11,MIPI_CSI1_D3_P,,MEDIA,MIPI_CSI1_VPH,DISPLAY_CAMERA,MIPI_CSI1_D3_P,IMX95IEC,attached:i.mx95_19mm_ballmap.xlsx!i.mx95_19mm_SPN_r1.0,HIGH,false,
E13,MIPI_CSI1_D2_P,,MEDIA,MIPI_CSI1_VPH,DISPLAY_CAMERA,MIPI_CSI1_D2_P,IMX95IEC,attached:i.mx95_19mm_ballmap.xlsx!i.mx95_19mm_SPN_r1.0,HIGH,false,
E15,MIPI_CSI1_CLK_P,,MEDIA,MIPI_CSI1_VPH,DISPLAY_CAMERA,MIPI_CSI1_CLK_P,IMX95IEC,attached:i.mx95_19mm_ballmap.xlsx!i.mx95_19mm_SPN_r1.0,HIGH,false,
E17,MIPI_CSI1_D1_P,,MEDIA,MIPI_CSI1_VPH,DISPLAY_CAMERA,MIPI_CSI1_D1_P,IMX95IEC,attached:i.mx95_19mm_ballmap.xlsx!i.mx95_19mm_SPN_r1.0,HIGH,false,
E19,MIPI_CSI1_D0_P,,MEDIA,MIPI_CSI1_VPH,DISPLAY_CAMERA,MIPI_CSI1_D0_P,IMX95IEC,attached:i.mx95_19mm_ballmap.xlsx!i.mx95_19mm_SPN_r1.0,HIGH,false,
E21,USB1_TX1_P,,USB,USB1_VPTX1,USB_C_OR_USB2,USB1_TX1_P,IMX95IEC,attached:i.mx95_19mm_ballmap.xlsx!i.mx95_19mm_SPN_r1.0,HIGH,false,
E23,USB1_VBUS,,USB,USB1_VDD33,USB_C_OR_USB2,USB1_VBUS,IMX95IEC,attached:i.mx95_19mm_ballmap.xlsx!i.mx95_19mm_SPN_r1.0,HIGH,false,
E25,USB1_TX0_N,,USB,USB1_VPTX0,USB_C_OR_USB2,USB1_TX0_N,IMX95IEC,attached:i.mx95_19mm_ballmap.xlsx!i.mx95_19mm_SPN_r1.0,HIGH,false,
E27,USB2_VBUS,,USB,USB2_VDD33,USB_C_OR_USB2,USB2_VBUS,IMX95IEC,attached:i.mx95_19mm_ballmap.xlsx!i.mx95_19mm_SPN_r1.0,HIGH,false,
E29,PCIE1_TX0_P,,PCIE,PCIE1_VPTX,NVME_M2,PCIE1_TX0_P,IMX95IEC,attached:i.mx95_19mm_ballmap.xlsx!i.mx95_19mm_SPN_r1.0,HIGH,false,
E31,PCIE2_TX0_P,,PCIE,PCIE2_VPTX,WIFI_M2,PCIE2_TX0_P,IMX95IEC,attached:i.mx95_19mm_ballmap.xlsx!i.mx95_19mm_SPN_r1.0,HIGH,false,
E33,PCIE_RESREF,,PCIE,PCIE1_VPH,PCIE,PCIE_RESREF,IMX95IEC,attached:i.mx95_19mm_ballmap.xlsx!i.mx95_19mm_SPN_r1.0,HIGH,false,
E35,VSS,,GROUND,GND,POWER,GND,IMX95IEC,attached:i.mx95_19mm_ballmap.xlsx!i.mx95_19mm_SPN_r1.0,HIGH,false,
E37,CLKIN1,SEE_IMX95_PINMUX_SHEET,IO,AVDD_1P8_ADC,GPIO_PERIPH_CANDIDATE,CLKIN1,IMX95IEC,attached:i.mx95_19mm_ballmap.xlsx!i.mx95_19mm_SPN_r1.0,MEDIUM,false,
E39,CLKIN2,SEE_IMX95_PINMUX_SHEET,IO,AVDD_1P8_ADC,GPIO_PERIPH_CANDIDATE,CLKIN2,IMX95IEC,attached:i.mx95_19mm_ballmap.xlsx!i.mx95_19mm_SPN_r1.0,MEDIUM,false,
E41,VSS,,GROUND,GND,POWER,GND,IMX95IEC,attached:i.mx95_19mm_ballmap.xlsx!i.mx95_19mm_SPN_r1.0,HIGH,false,
E43,I2C2_SCL,SEE_IMX95_PINMUX_SHEET,IO,NVCC_AON,GPIO_PERIPH_CANDIDATE,I2C2_SCL,IMX95IEC,attached:i.mx95_19mm_ballmap.xlsx!i.mx95_19mm_SPN_r1.0,MEDIUM,false,
E45,I2C2_SDA,SEE_IMX95_PINMUX_SHEET,IO,NVCC_AON,GPIO_PERIPH_CANDIDATE,I2C2_SDA,IMX95IEC,attached:i.mx95_19mm_ballmap.xlsx!i.mx95_19mm_SPN_r1.0,MEDIUM,false,
E47,VSS,,GROUND,GND,POWER,GND,IMX95IEC,attached:i.mx95_19mm_ballmap.xlsx!i.mx95_19mm_SPN_r1.0,HIGH,false,
E49,UART1_RXD,SEE_IMX95_PINMUX_SHEET,IO,NVCC_AON,GPIO_PERIPH_CANDIDATE,UART1_RXD,IMX95IEC,attached:i.mx95_19mm_ballmap.xlsx!i.mx95_19mm_SPN_r1.0,MEDIUM,false,
E51,UART2_RXD,SEE_IMX95_PINMUX_SHEET,IO,NVCC_AON,GPIO_PERIPH_CANDIDATE,UART2_RXD,IMX95IEC,attached:i.mx95_19mm_ballmap.xlsx!i.mx95_19mm_SPN_r1.0,MEDIUM,false,
F2,LVDS1_D3_P,,MEDIA,VDD_LVDS_1P8,DISPLAY_CAMERA,LVDS1_D3_P,IMX95IEC,attached:i.mx95_19mm_ballmap.xlsx!i.mx95_19mm_SPN_r1.0,HIGH,false,
F4,LVDS1_D3_N,,MEDIA,VDD_LVDS_1P8,DISPLAY_CAMERA,LVDS1_D3_N,IMX95IEC,attached:i.mx95_19mm_ballmap.xlsx!i.mx95_19mm_SPN_r1.0,HIGH,false,
F6,LVDS0_D1_P,,MEDIA,VDD_LVDS_1P8,DISPLAY_CAMERA,LVDS0_D1_P,IMX95IEC,attached:i.mx95_19mm_ballmap.xlsx!i.mx95_19mm_SPN_r1.0,HIGH,false,
F8,LVDS0_D1_N,,MEDIA,VDD_LVDS_1P8,DISPLAY_CAMERA,LVDS0_D1_N,IMX95IEC,attached:i.mx95_19mm_ballmap.xlsx!i.mx95_19mm_SPN_r1.0,HIGH,false,
F10,VSS,,GROUND,GND,POWER,GND,IMX95IEC,attached:i.mx95_19mm_ballmap.xlsx!i.mx95_19mm_SPN_r1.0,HIGH,false,
F12,MIPI_CSI1_D3_N,,MEDIA,MIPI_CSI1_VPH,DISPLAY_CAMERA,MIPI_CSI1_D3_N,IMX95IEC,attached:i.mx95_19mm_ballmap.xlsx!i.mx95_19mm_SPN_r1.0,HIGH,false,
F14,VSS,,GROUND,GND,POWER,GND,IMX95IEC,attached:i.mx95_19mm_ballmap.xlsx!i.mx95_19mm_SPN_r1.0,HIGH,false,
F16,MIPI_CSI1_CLK_N,,MEDIA,MIPI_CSI1_VPH,DISPLAY_CAMERA,MIPI_CSI1_CLK_N,IMX95IEC,attached:i.mx95_19mm_ballmap.xlsx!i.mx95_19mm_SPN_r1.0,HIGH,false,
F18,VSS,,GROUND,GND,POWER,GND,IMX95IEC,attached:i.mx95_19mm_ballmap.xlsx!i.mx95_19mm_SPN_r1.0,HIGH,false,
F20,MIPI_CSI1_D0_N,,MEDIA,MIPI_CSI1_VPH,DISPLAY_CAMERA,MIPI_CSI1_D0_N,IMX95IEC,attached:i.mx95_19mm_ballmap.xlsx!i.mx95_19mm_SPN_r1.0,HIGH,false,
F22,VSS,,GROUND,GND,POWER,GND,IMX95IEC,attached:i.mx95_19mm_ballmap.xlsx!i.mx95_19mm_SPN_r1.0,HIGH,false,
F24,USB2_ID,,USB,USB2_VDDH0,USB_C_OR_USB2,USB2_ID,IMX95IEC,attached:i.mx95_19mm_ballmap.xlsx!i.mx95_19mm_SPN_r1.0,HIGH,false,
F26,VSS,,GROUND,GND,POWER,GND,IMX95IEC,attached:i.mx95_19mm_ballmap.xlsx!i.mx95_19mm_SPN_r1.0,HIGH,false,
F28,USB2_TXRTUNE,,USB,USB2_VDDH0,USB_C_OR_USB2,USB2_TXRTUNE,IMX95IEC,attached:i.mx95_19mm_ballmap.xlsx!i.mx95_19mm_SPN_r1.0,HIGH,false,
F30,VSS,,GROUND,GND,POWER,GND,IMX95IEC,attached:i.mx95_19mm_ballmap.xlsx!i.mx95_19mm_SPN_r1.0,HIGH,false,
F32,PCIE2_TX0_N,,PCIE,PCIE2_VPTX,WIFI_M2,PCIE2_TX0_N,IMX95IEC,attached:i.mx95_19mm_ballmap.xlsx!i.mx95_19mm_SPN_r1.0,HIGH,false,
F34,VSS,,GROUND,GND,POWER,GND,IMX95IEC,attached:i.mx95_19mm_ballmap.xlsx!i.mx95_19mm_SPN_r1.0,HIGH,false,
F36,TAMPER0,SEE_IMX95_PINMUX_SHEET,IO,NVCC_BBSM,GPIO_PERIPH_CANDIDATE,TAMPER0,IMX95IEC,attached:i.mx95_19mm_ballmap.xlsx!i.mx95_19mm_SPN_r1.0,MEDIUM,false,
F38,VSS,,GROUND,GND,POWER,GND,IMX95IEC,attached:i.mx95_19mm_ballmap.xlsx!i.mx95_19mm_SPN_r1.0,HIGH,false,
F40,ONOFF,,BOOT_DEBUG,NVCC_BBSM,BOOT_DEBUG_PMIC,ONOFF,IMX95IEC,attached:i.mx95_19mm_ballmap.xlsx!i.mx95_19mm_SPN_r1.0,HIGH,false,
F42,VSS,,GROUND,GND,POWER,GND,IMX95IEC,attached:i.mx95_19mm_ballmap.xlsx!i.mx95_19mm_SPN_r1.0,HIGH,false,
F44,VSS,,GROUND,GND,POWER,GND,IMX95IEC,attached:i.mx95_19mm_ballmap.xlsx!i.mx95_19mm_SPN_r1.0,HIGH,false,
F46,PDM_CLK,SEE_IMX95_PINMUX_SHEET,IO,NVCC_AON,GPIO_PERIPH_CANDIDATE,PDM_CLK,IMX95IEC,attached:i.mx95_19mm_ballmap.xlsx!i.mx95_19mm_SPN_r1.0,MEDIUM,false,
F48,UART2_TXD,SEE_IMX95_PINMUX_SHEET,IO,NVCC_AON,GPIO_PERIPH_CANDIDATE,UART2_TXD,IMX95IEC,attached:i.mx95_19mm_ballmap.xlsx!i.mx95_19mm_SPN_r1.0,MEDIUM,false,
F50,VSS,,GROUND,GND,POWER,GND,IMX95IEC,attached:i.mx95_19mm_ballmap.xlsx!i.mx95_19mm_SPN_r1.0,HIGH,false,
F52,UART1_TXD,SEE_IMX95_PINMUX_SHEET,IO,NVCC_AON,GPIO_PERIPH_CANDIDATE,UART1_TXD,IMX95IEC,attached:i.mx95_19mm_ballmap.xlsx!i.mx95_19mm_SPN_r1.0,MEDIUM,false,
G1,VSS,,GROUND,GND,POWER,GND,IMX95IEC,attached:i.mx95_19mm_ballmap.xlsx!i.mx95_19mm_SPN_r1.0,HIGH,false,
G3,VSS,,GROUND,GND,POWER,GND,IMX95IEC,attached:i.mx95_19mm_ballmap.xlsx!i.mx95_19mm_SPN_r1.0,HIGH,false,
G5,VSS,,GROUND,GND,POWER,GND,IMX95IEC,attached:i.mx95_19mm_ballmap.xlsx!i.mx95_19mm_SPN_r1.0,HIGH,false,
G7,LVDS0_D0_P,,MEDIA,VDD_LVDS_1P8,DISPLAY_CAMERA,LVDS0_D0_P,IMX95IEC,attached:i.mx95_19mm_ballmap.xlsx!i.mx95_19mm_SPN_r1.0,HIGH,false,
G9,LVDS0_D0_N,,MEDIA,VDD_LVDS_1P8,DISPLAY_CAMERA,LVDS0_D0_N,IMX95IEC,attached:i.mx95_19mm_ballmap.xlsx!i.mx95_19mm_SPN_r1.0,HIGH,false,
G11,MIPI_REXT,,MEDIA,MIPI_DSICSI1_VPH,DISPLAY_CAMERA,MIPI_REXT,IMX95IEC,attached:i.mx95_19mm_ballmap.xlsx!i.mx95_19mm_SPN_r1.0,HIGH,false,
G13,VSS,,GROUND,GND,POWER,GND,IMX95IEC,attached:i.mx95_19mm_ballmap.xlsx!i.mx95_19mm_SPN_r1.0,HIGH,false,
G15,VSS,,GROUND,GND,POWER,GND,IMX95IEC,attached:i.mx95_19mm_ballmap.xlsx!i.mx95_19mm_SPN_r1.0,HIGH,false,
G17,VSS,,GROUND,GND,POWER,GND,IMX95IEC,attached:i.mx95_19mm_ballmap.xlsx!i.mx95_19mm_SPN_r1.0,HIGH,false,
G19,VSS,,GROUND,GND,POWER,GND,IMX95IEC,attached:i.mx95_19mm_ballmap.xlsx!i.mx95_19mm_SPN_r1.0,HIGH,false,
G21,VSS,,GROUND,GND,POWER,GND,IMX95IEC,attached:i.mx95_19mm_ballmap.xlsx!i.mx95_19mm_SPN_r1.0,HIGH,false,
G23,VSS,,GROUND,GND,POWER,GND,IMX95IEC,attached:i.mx95_19mm_ballmap.xlsx!i.mx95_19mm_SPN_r1.0,HIGH,false,
G25,VSS,,GROUND,GND,POWER,GND,IMX95IEC,attached:i.mx95_19mm_ballmap.xlsx!i.mx95_19mm_SPN_r1.0,HIGH,false,
G27,VSS,,GROUND,GND,POWER,GND,IMX95IEC,attached:i.mx95_19mm_ballmap.xlsx!i.mx95_19mm_SPN_r1.0,HIGH,false,
G29,VSS,,GROUND,GND,POWER,GND,IMX95IEC,attached:i.mx95_19mm_ballmap.xlsx!i.mx95_19mm_SPN_r1.0,HIGH,false,
G31,VSS,,GROUND,GND,POWER,GND,IMX95IEC,attached:i.mx95_19mm_ballmap.xlsx!i.mx95_19mm_SPN_r1.0,HIGH,false,
G33,VSS,,GROUND,GND,POWER,GND,IMX95IEC,attached:i.mx95_19mm_ballmap.xlsx!i.mx95_19mm_SPN_r1.0,HIGH,false,
G35,VSS,,GROUND,GND,POWER,GND,IMX95IEC,attached:i.mx95_19mm_ballmap.xlsx!i.mx95_19mm_SPN_r1.0,HIGH,false,
G37,VSS,,GROUND,GND,POWER,GND,IMX95IEC,attached:i.mx95_19mm_ballmap.xlsx!i.mx95_19mm_SPN_r1.0,HIGH,false,
G39,VSS,,GROUND,GND,POWER,GND,IMX95IEC,attached:i.mx95_19mm_ballmap.xlsx!i.mx95_19mm_SPN_r1.0,HIGH,false,
G41,VSS,,GROUND,GND,POWER,GND,IMX95IEC,attached:i.mx95_19mm_ballmap.xlsx!i.mx95_19mm_SPN_r1.0,HIGH,false,
G43,VSS,,GROUND,GND,POWER,GND,IMX95IEC,attached:i.mx95_19mm_ballmap.xlsx!i.mx95_19mm_SPN_r1.0,HIGH,false,
G45,PDM_BIT_STREAM0,SEE_IMX95_PINMUX_SHEET,IO,NVCC_AON,GPIO_PERIPH_CANDIDATE,PDM_BIT_STREAM0,IMX95IEC,attached:i.mx95_19mm_ballmap.xlsx!i.mx95_19mm_SPN_r1.0,MEDIUM,false,
G47,VSS,,GROUND,GND,POWER,GND,IMX95IEC,attached:i.mx95_19mm_ballmap.xlsx!i.mx95_19mm_SPN_r1.0,HIGH,false,
G49,SAI1_TXFS,SEE_IMX95_PINMUX_SHEET,IO,NVCC_AON,GPIO_PERIPH_CANDIDATE,SAI1_TXFS,IMX95IEC,attached:i.mx95_19mm_ballmap.xlsx!i.mx95_19mm_SPN_r1.0,MEDIUM,false,
G51,SAI1_TXC,SEE_IMX95_PINMUX_SHEET,IO,NVCC_AON,GPIO_PERIPH_CANDIDATE,SAI1_TXC,IMX95IEC,attached:i.mx95_19mm_ballmap.xlsx!i.mx95_19mm_SPN_r1.0,MEDIUM,false,
H2,DRAM_DQS0_T_B,,DDR,VDDQ_DDR,LPDDR5,DRAM_DQS0_T_B,IMX95IEC,attached:i.mx95_19mm_ballmap.xlsx!i.mx95_19mm_SPN_r1.0,HIGH,false,
H4,VSS,,GROUND,GND,POWER,GND,IMX95IEC,attached:i.mx95_19mm_ballmap.xlsx!i.mx95_19mm_SPN_r1.0,HIGH,false,
H6,VSS,,GROUND,GND,POWER,GND,IMX95IEC,attached:i.mx95_19mm_ballmap.xlsx!i.mx95_19mm_SPN_r1.0,HIGH,false,
H8,VSS,,GROUND,GND,POWER,GND,IMX95IEC,attached:i.mx95_19mm_ballmap.xlsx!i.mx95_19mm_SPN_r1.0,HIGH,false,
H10,VSS,,GROUND,GND,POWER,GND,IMX95IEC,attached:i.mx95_19mm_ballmap.xlsx!i.mx95_19mm_SPN_r1.0,HIGH,false,
H12,VDD_MIPI_1P8,,POWER,POWER,POWER,VDD_MIPI_1P8,IMX95IEC,attached:i.mx95_19mm_ballmap.xlsx!i.mx95_19mm_SPN_r1.0,HIGH,false,
H14,VDD_MIPI_1P8,,POWER,POWER,POWER,VDD_MIPI_1P8,IMX95IEC,attached:i.mx95_19mm_ballmap.xlsx!i.mx95_19mm_SPN_r1.0,HIGH,false,
H16,VDD_ANA_0P8,,POWER,POWER,POWER,VDD_ANA_0P8,IMX95IEC,attached:i.mx95_19mm_ballmap.xlsx!i.mx95_19mm_SPN_r1.0,HIGH,false,
H18,VDD_MIPI_0P8,,POWER,POWER,POWER,VDD_MIPI_0P8,IMX95IEC,attached:i.mx95_19mm_ballmap.xlsx!i.mx95_19mm_SPN_r1.0,HIGH,false,
H20,VDD_USB_0P8,,POWER,POWER,POWER,VDD_USB_0P8,IMX95IEC,attached:i.mx95_19mm_ballmap.xlsx!i.mx95_19mm_SPN_r1.0,HIGH,false,
H22,VDD_USB_0P8,,POWER,POWER,POWER,VDD_USB_0P8,IMX95IEC,attached:i.mx95_19mm_ballmap.xlsx!i.mx95_19mm_SPN_r1.0,HIGH,false,
H24,VDD_USB_3P3,,POWER,POWER,POWER,VDD_USB_3P3,IMX95IEC,attached:i.mx95_19mm_ballmap.xlsx!i.mx95_19mm_SPN_r1.0,HIGH,false,
H26,VDD_USB_3P3,,POWER,POWER,POWER,VDD_USB_3P3,IMX95IEC,attached:i.mx95_19mm_ballmap.xlsx!i.mx95_19mm_SPN_r1.0,HIGH,false,
H28,VDD_USB_1P8,,POWER,POWER,POWER,VDD_USB_1P8,IMX95IEC,attached:i.mx95_19mm_ballmap.xlsx!i.mx95_19mm_SPN_r1.0,HIGH,false,
H30,VDD_USB_1P8,,POWER,POWER,POWER,VDD_USB_1P8,IMX95IEC,attached:i.mx95_19mm_ballmap.xlsx!i.mx95_19mm_SPN_r1.0,HIGH,false,
H32,VDD_PCI_1P8,,POWER,POWER,POWER,VDD_PCI_1P8,IMX95IEC,attached:i.mx95_19mm_ballmap.xlsx!i.mx95_19mm_SPN_r1.0,HIGH,false,
H34,VDD_PCI_1P8,,POWER,POWER,POWER,VDD_PCI_1P8,IMX95IEC,attached:i.mx95_19mm_ballmap.xlsx!i.mx95_19mm_SPN_r1.0,HIGH,false,
H36,VDD_PCI_0P8,,POWER,POWER,POWER,VDD_PCI_0P8,IMX95IEC,attached:i.mx95_19mm_ballmap.xlsx!i.mx95_19mm_SPN_r1.0,HIGH,false,
H38,VDD_ANA_0P8,,POWER,POWER,POWER,VDD_ANA_0P8,IMX95IEC,attached:i.mx95_19mm_ballmap.xlsx!i.mx95_19mm_SPN_r1.0,HIGH,false,
H40,NVCC_BBSM_1P8,,POWER,POWER,POWER,NVCC_BBSM_1P8,IMX95IEC,attached:i.mx95_19mm_ballmap.xlsx!i.mx95_19mm_SPN_r1.0,HIGH,false,
H42,VDD_BBSM_0P8_CAP,,POWER,POWER,POWER,VDD_BBSM_0P8_CAP,IMX95IEC,attached:i.mx95_19mm_ballmap.xlsx!i.mx95_19mm_SPN_r1.0,HIGH,false,
H44,VSS,,GROUND,GND,POWER,GND,IMX95IEC,attached:i.mx95_19mm_ballmap.xlsx!i.mx95_19mm_SPN_r1.0,HIGH,false,
H46,PDM_BIT_STREAM1,SEE_IMX95_PINMUX_SHEET,IO,NVCC_AON,GPIO_PERIPH_CANDIDATE,PDM_BIT_STREAM1,IMX95IEC,attached:i.mx95_19mm_ballmap.xlsx!i.mx95_19mm_SPN_r1.0,MEDIUM,false,
H48,SAI1_TXD0,SEE_IMX95_PINMUX_SHEET,IO,NVCC_AON,GPIO_PERIPH_CANDIDATE,SAI1_TXD0,IMX95IEC,attached:i.mx95_19mm_ballmap.xlsx!i.mx95_19mm_SPN_r1.0,MEDIUM,false,
H50,VSS,,GROUND,GND,POWER,GND,IMX95IEC,attached:i.mx95_19mm_ballmap.xlsx!i.mx95_19mm_SPN_r1.0,HIGH,false,
H52,SAI1_RXD0,SEE_IMX95_PINMUX_SHEET,IO,NVCC_AON,GPIO_PERIPH_CANDIDATE,SAI1_RXD0,IMX95IEC,attached:i.mx95_19mm_ballmap.xlsx!i.mx95_19mm_SPN_r1.0,MEDIUM,false,
J1,DRAM_DQS0_C_B,,DDR,VDDQ_DDR,LPDDR5,DRAM_DQS0_C_B,IMX95IEC,attached:i.mx95_19mm_ballmap.xlsx!i.mx95_19mm_SPN_r1.0,HIGH,false,
J3,VSS,,GROUND,GND,POWER,GND,IMX95IEC,attached:i.mx95_19mm_ballmap.xlsx!i.mx95_19mm_SPN_r1.0,HIGH,false,
J5,VSS,,GROUND,GND,POWER,GND,IMX95IEC,attached:i.mx95_19mm_ballmap.xlsx!i.mx95_19mm_SPN_r1.0,HIGH,false,
J7,DRAM_DQ05_B,,DDR,VDDQ_DDR,LPDDR5,DRAM_DQ05_B,IMX95IEC,attached:i.mx95_19mm_ballmap.xlsx!i.mx95_19mm_SPN_r1.0,HIGH,false,
J9,VSS,,GROUND,GND,POWER,GND,IMX95IEC,attached:i.mx95_19mm_ballmap.xlsx!i.mx95_19mm_SPN_r1.0,HIGH,false,
J11,VSS,,GROUND,GND,POWER,GND,IMX95IEC,attached:i.mx95_19mm_ballmap.xlsx!i.mx95_19mm_SPN_r1.0,HIGH,false,
J13,VDD_LVDS_1P8,,POWER,POWER,POWER,VDD_LVDS_1P8,IMX95IEC,attached:i.mx95_19mm_ballmap.xlsx!i.mx95_19mm_SPN_r1.0,HIGH,false,
J15,VDD_ANA_0P8,,POWER,POWER,POWER,VDD_ANA_0P8,IMX95IEC,attached:i.mx95_19mm_ballmap.xlsx!i.mx95_19mm_SPN_r1.0,HIGH,false,
J17,VDD_MIPI_0P8,,POWER,POWER,POWER,VDD_MIPI_0P8,IMX95IEC,attached:i.mx95_19mm_ballmap.xlsx!i.mx95_19mm_SPN_r1.0,HIGH,false,
J19,VDD_SOC,,POWER,POWER,POWER,VDD_SOC,IMX95IEC,attached:i.mx95_19mm_ballmap.xlsx!i.mx95_19mm_SPN_r1.0,HIGH,false,
J21,VDD_SOC,,POWER,POWER,POWER,VDD_SOC,IMX95IEC,attached:i.mx95_19mm_ballmap.xlsx!i.mx95_19mm_SPN_r1.0,HIGH,false,
J23,VDD_SOC,,POWER,POWER,POWER,VDD_SOC,IMX95IEC,attached:i.mx95_19mm_ballmap.xlsx!i.mx95_19mm_SPN_r1.0,HIGH,false,
J25,VDD_SOC,,POWER,POWER,POWER,VDD_SOC,IMX95IEC,attached:i.mx95_19mm_ballmap.xlsx!i.mx95_19mm_SPN_r1.0,HIGH,false,
J27,VDD_SOC,,POWER,POWER,POWER,VDD_SOC,IMX95IEC,attached:i.mx95_19mm_ballmap.xlsx!i.mx95_19mm_SPN_r1.0,HIGH,false,
J29,VDD_SOC,,POWER,POWER,POWER,VDD_SOC,IMX95IEC,attached:i.mx95_19mm_ballmap.xlsx!i.mx95_19mm_SPN_r1.0,HIGH,false,
J31,VDD_SOC,,POWER,POWER,POWER,VDD_SOC,IMX95IEC,attached:i.mx95_19mm_ballmap.xlsx!i.mx95_19mm_SPN_r1.0,HIGH,false,
J33,VDD_SOC,,POWER,POWER,POWER,VDD_SOC,IMX95IEC,attached:i.mx95_19mm_ballmap.xlsx!i.mx95_19mm_SPN_r1.0,HIGH,false,
J35,VDD_PCI_0P8,,POWER,POWER,POWER,VDD_PCI_0P8,IMX95IEC,attached:i.mx95_19mm_ballmap.xlsx!i.mx95_19mm_SPN_r1.0,HIGH,false,
J37,VDD_ANA_0P8,,POWER,POWER,POWER,VDD_ANA_0P8,IMX95IEC,attached:i.mx95_19mm_ballmap.xlsx!i.mx95_19mm_SPN_r1.0,HIGH,false,
J39,NVCC_BBSM_1P8,,POWER,POWER,POWER,NVCC_BBSM_1P8,IMX95IEC,attached:i.mx95_19mm_ballmap.xlsx!i.mx95_19mm_SPN_r1.0,HIGH,false,
J41,VDD_BBSM_0P8_CAP,,POWER,POWER,POWER,VDD_BBSM_0P8_CAP,IMX95IEC,attached:i.mx95_19mm_ballmap.xlsx!i.mx95_19mm_SPN_r1.0,HIGH,false,
J43,VSS,,GROUND,GND,POWER,GND,IMX95IEC,attached:i.mx95_19mm_ballmap.xlsx!i.mx95_19mm_SPN_r1.0,HIGH,false,
J45,WDOG_ANY,,BOOT_DEBUG,NVCC_AON,BOOT_DEBUG_PMIC,WDOG_ANY,IMX95IEC,attached:i.mx95_19mm_ballmap.xlsx!i.mx95_19mm_SPN_r1.0,HIGH,false,
J47,VSS,,GROUND,GND,POWER,GND,IMX95IEC,attached:i.mx95_19mm_ballmap.xlsx!i.mx95_19mm_SPN_r1.0,HIGH,false,
J49,GPIO_IO00,SEE_IMX95_PINMUX_SHEET,IO,NVCC_GPIO,GPIO_PERIPH_CANDIDATE,GPIO_IO00,IMX95IEC,attached:i.mx95_19mm_ballmap.xlsx!i.mx95_19mm_SPN_r1.0,MEDIUM,false,
J51,GPIO_IO01,SEE_IMX95_PINMUX_SHEET,IO,NVCC_GPIO,GPIO_PERIPH_CANDIDATE,GPIO_IO01,IMX95IEC,attached:i.mx95_19mm_ballmap.xlsx!i.mx95_19mm_SPN_r1.0,MEDIUM,false,
K2,DRAM_WCK0_T_B,,DDR,VDDQ_DDR,LPDDR5,DRAM_WCK0_T_B,IMX95IEC,attached:i.mx95_19mm_ballmap.xlsx!i.mx95_19mm_SPN_r1.0,HIGH,false,
K4,DRAM_WCK0_C_B,,DDR,VDDQ_DDR,LPDDR5,DRAM_WCK0_C_B,IMX95IEC,attached:i.mx95_19mm_ballmap.xlsx!i.mx95_19mm_SPN_r1.0,HIGH,false,
K6,VSS,,GROUND,GND,POWER,GND,IMX95IEC,attached:i.mx95_19mm_ballmap.xlsx!i.mx95_19mm_SPN_r1.0,HIGH,false,
K8,DRAM_DMI0_B,,DDR,VDDQ_DDR,LPDDR5,DRAM_DMI0_B,IMX95IEC,attached:i.mx95_19mm_ballmap.xlsx!i.mx95_19mm_SPN_r1.0,HIGH,false,
K10,DRAM_DQ06_B,,DDR,VDDQ_DDR,LPDDR5,DRAM_DQ06_B,IMX95IEC,attached:i.mx95_19mm_ballmap.xlsx!i.mx95_19mm_SPN_r1.0,HIGH,false,
K12,VDD_LVDS_1P8,,POWER,POWER,POWER,VDD_LVDS_1P8,IMX95IEC,attached:i.mx95_19mm_ballmap.xlsx!i.mx95_19mm_SPN_r1.0,HIGH,false,
K14,VDD_ANA_1P8,,POWER,POWER,POWER,VDD_ANA_1P8,IMX95IEC,attached:i.mx95_19mm_ballmap.xlsx!i.mx95_19mm_SPN_r1.0,HIGH,false,
K16,VSS,,GROUND,GND,POWER,GND,IMX95IEC,attached:i.mx95_19mm_ballmap.xlsx!i.mx95_19mm_SPN_r1.0,HIGH,false,
K18,VSS,,GROUND,GND,POWER,GND,IMX95IEC,attached:i.mx95_19mm_ballmap.xlsx!i.mx95_19mm_SPN_r1.0,HIGH,false,
K20,VSS,,GROUND,GND,POWER,GND,IMX95IEC,attached:i.mx95_19mm_ballmap.xlsx!i.mx95_19mm_SPN_r1.0,HIGH,false,
K22,VSS,,GROUND,GND,POWER,GND,IMX95IEC,attached:i.mx95_19mm_ballmap.xlsx!i.mx95_19mm_SPN_r1.0,HIGH,false,
K24,VSS,,GROUND,GND,POWER,GND,IMX95IEC,attached:i.mx95_19mm_ballmap.xlsx!i.mx95_19mm_SPN_r1.0,HIGH,false,
K26,VSS,,GROUND,GND,POWER,GND,IMX95IEC,attached:i.mx95_19mm_ballmap.xlsx!i.mx95_19mm_SPN_r1.0,HIGH,false,
K28,VSS,,GROUND,GND,POWER,GND,IMX95IEC,attached:i.mx95_19mm_ballmap.xlsx!i.mx95_19mm_SPN_r1.0,HIGH,false,
K30,VSS,,GROUND,GND,POWER,GND,IMX95IEC,attached:i.mx95_19mm_ballmap.xlsx!i.mx95_19mm_SPN_r1.0,HIGH,false,
K32,VSS,,GROUND,GND,POWER,GND,IMX95IEC,attached:i.mx95_19mm_ballmap.xlsx!i.mx95_19mm_SPN_r1.0,HIGH,false,
K34,VDD_SOC,,POWER,POWER,POWER,VDD_SOC,IMX95IEC,attached:i.mx95_19mm_ballmap.xlsx!i.mx95_19mm_SPN_r1.0,HIGH,false,
K36,VSS,,GROUND,GND,POWER,GND,IMX95IEC,attached:i.mx95_19mm_ballmap.xlsx!i.mx95_19mm_SPN_r1.0,HIGH,false,
K38,VSS,,GROUND,GND,POWER,GND,IMX95IEC,attached:i.mx95_19mm_ballmap.xlsx!i.mx95_19mm_SPN_r1.0,HIGH,false,
K40,VSS,,GROUND,GND,POWER,GND,IMX95IEC,attached:i.mx95_19mm_ballmap.xlsx!i.mx95_19mm_SPN_r1.0,HIGH,false,
K42,VDD_ANA_1P8,,POWER,POWER,POWER,VDD_ANA_1P8,IMX95IEC,attached:i.mx95_19mm_ballmap.xlsx!i.mx95_19mm_SPN_r1.0,HIGH,false,
K44,FCCU_ERR0,SEE_IMX95_PINMUX_SHEET,IO,NVCC_AON,GPIO_PERIPH_CANDIDATE,FCCU_ERR0,IMX95IEC,attached:i.mx95_19mm_ballmap.xlsx!i.mx95_19mm_SPN_r1.0,MEDIUM,false,
K46,GPIO_IO04,SEE_IMX95_PINMUX_SHEET,IO,NVCC_GPIO,GPIO_PERIPH_CANDIDATE,GPIO_IO04,IMX95IEC,attached:i.mx95_19mm_ballmap.xlsx!i.mx95_19mm_SPN_r1.0,MEDIUM,false,
K48,GPIO_IO02,SEE_IMX95_PINMUX_SHEET,IO,NVCC_GPIO,GPIO_PERIPH_CANDIDATE,GPIO_IO02,IMX95IEC,attached:i.mx95_19mm_ballmap.xlsx!i.mx95_19mm_SPN_r1.0,MEDIUM,false,
K50,VSS,,GROUND,GND,POWER,GND,IMX95IEC,attached:i.mx95_19mm_ballmap.xlsx!i.mx95_19mm_SPN_r1.0,HIGH,false,
K52,GPIO_IO03,SEE_IMX95_PINMUX_SHEET,IO,NVCC_GPIO,GPIO_PERIPH_CANDIDATE,GPIO_IO03,IMX95IEC,attached:i.mx95_19mm_ballmap.xlsx!i.mx95_19mm_SPN_r1.0,MEDIUM,false,
L1,DRAM_DQ13_B,,DDR,VDDQ_DDR,LPDDR5,DRAM_DQ13_B,IMX95IEC,attached:i.mx95_19mm_ballmap.xlsx!i.mx95_19mm_SPN_r1.0,HIGH,false,
L3,VSS,,GROUND,GND,POWER,GND,IMX95IEC,attached:i.mx95_19mm_ballmap.xlsx!i.mx95_19mm_SPN_r1.0,HIGH,false,
L5,VSS,,GROUND,GND,POWER,GND,IMX95IEC,attached:i.mx95_19mm_ballmap.xlsx!i.mx95_19mm_SPN_r1.0,HIGH,false,
L7,DRAM_DQ04_B,,DDR,VDDQ_DDR,LPDDR5,DRAM_DQ04_B,IMX95IEC,attached:i.mx95_19mm_ballmap.xlsx!i.mx95_19mm_SPN_r1.0,HIGH,false,
L9,VSS,,GROUND,GND,POWER,GND,IMX95IEC,attached:i.mx95_19mm_ballmap.xlsx!i.mx95_19mm_SPN_r1.0,HIGH,false,
L11,DRAM_DQ07_B,,DDR,VDDQ_DDR,LPDDR5,DRAM_DQ07_B,IMX95IEC,attached:i.mx95_19mm_ballmap.xlsx!i.mx95_19mm_SPN_r1.0,HIGH,false,
L13,VDD_ANA_1P8,,POWER,POWER,POWER,VDD_ANA_1P8,IMX95IEC,attached:i.mx95_19mm_ballmap.xlsx!i.mx95_19mm_SPN_r1.0,HIGH,false,
L15,VSS,,GROUND,GND,POWER,GND,IMX95IEC,attached:i.mx95_19mm_ballmap.xlsx!i.mx95_19mm_SPN_r1.0,HIGH,false,
L17,VDD_SOC,,POWER,POWER,POWER,VDD_SOC,IMX95IEC,attached:i.mx95_19mm_ballmap.xlsx!i.mx95_19mm_SPN_r1.0,HIGH,false,
L19,VDD_SOC,,POWER,POWER,POWER,VDD_SOC,IMX95IEC,attached:i.mx95_19mm_ballmap.xlsx!i.mx95_19mm_SPN_r1.0,HIGH,false,
L21,VDD_SOC,,POWER,POWER,POWER,VDD_SOC,IMX95IEC,attached:i.mx95_19mm_ballmap.xlsx!i.mx95_19mm_SPN_r1.0,HIGH,false,
L23,VDD_SOC,,POWER,POWER,POWER,VDD_SOC,IMX95IEC,attached:i.mx95_19mm_ballmap.xlsx!i.mx95_19mm_SPN_r1.0,HIGH,false,
L25,VDD_SOC,,POWER,POWER,POWER,VDD_SOC,IMX95IEC,attached:i.mx95_19mm_ballmap.xlsx!i.mx95_19mm_SPN_r1.0,HIGH,false,
L27,VDD_ARM,,POWER,POWER,POWER,VDD_ARM,IMX95IEC,attached:i.mx95_19mm_ballmap.xlsx!i.mx95_19mm_SPN_r1.0,HIGH,false,
L29,VDD_ARM,,POWER,POWER,POWER,VDD_ARM,IMX95IEC,attached:i.mx95_19mm_ballmap.xlsx!i.mx95_19mm_SPN_r1.0,HIGH,false,
L31,DEPOP,,DEPOP,TBD_IOMUX,NO_BALL,NC,IMX95IEC,attached:i.mx95_19mm_ballmap.xlsx!i.mx95_19mm_SPN_r1.0,N/A,false,
L33,DEPOP,,DEPOP,TBD_IOMUX,NO_BALL,NC,IMX95IEC,attached:i.mx95_19mm_ballmap.xlsx!i.mx95_19mm_SPN_r1.0,N/A,false,
L35,DEPOP,,DEPOP,TBD_IOMUX,NO_BALL,NC,IMX95IEC,attached:i.mx95_19mm_ballmap.xlsx!i.mx95_19mm_SPN_r1.0,N/A,false,
L37,VSS,,GROUND,GND,POWER,GND,IMX95IEC,attached:i.mx95_19mm_ballmap.xlsx!i.mx95_19mm_SPN_r1.0,HIGH,false,
L39,VDD_SOC,,POWER,POWER,POWER,VDD_SOC,IMX95IEC,attached:i.mx95_19mm_ballmap.xlsx!i.mx95_19mm_SPN_r1.0,HIGH,false,
L41,VDD_ANA_1P8,,POWER,POWER,POWER,VDD_ANA_1P8,IMX95IEC,attached:i.mx95_19mm_ballmap.xlsx!i.mx95_19mm_SPN_r1.0,HIGH,false,
L43,VSS,,GROUND,GND,POWER,GND,IMX95IEC,attached:i.mx95_19mm_ballmap.xlsx!i.mx95_19mm_SPN_r1.0,HIGH,false,
L45,GPIO_IO05,SEE_IMX95_PINMUX_SHEET,IO,NVCC_GPIO,GPIO_PERIPH_CANDIDATE,GPIO_IO05,IMX95IEC,attached:i.mx95_19mm_ballmap.xlsx!i.mx95_19mm_SPN_r1.0,MEDIUM,false,
L47,VSS,,GROUND,GND,POWER,GND,IMX95IEC,attached:i.mx95_19mm_ballmap.xlsx!i.mx95_19mm_SPN_r1.0,HIGH,false,
L49,GPIO_IO06,SEE_IMX95_PINMUX_SHEET,IO,NVCC_GPIO,GPIO_PERIPH_CANDIDATE,GPIO_IO06,IMX95IEC,attached:i.mx95_19mm_ballmap.xlsx!i.mx95_19mm_SPN_r1.0,MEDIUM,false,
L51,GPIO_IO07,SEE_IMX95_PINMUX_SHEET,IO,NVCC_GPIO,GPIO_PERIPH_CANDIDATE,GPIO_IO07,IMX95IEC,attached:i.mx95_19mm_ballmap.xlsx!i.mx95_19mm_SPN_r1.0,MEDIUM,false,
M2,DRAM_DMI1_B,,DDR,VDDQ_DDR,LPDDR5,DRAM_DMI1_B,IMX95IEC,attached:i.mx95_19mm_ballmap.xlsx!i.mx95_19mm_SPN_r1.0,HIGH,false,
M4,DRAM_DQ12_B,,DDR,VDDQ_DDR,LPDDR5,DRAM_DQ12_B,IMX95IEC,attached:i.mx95_19mm_ballmap.xlsx!i.mx95_19mm_SPN_r1.0,HIGH,false,
M6,VSS,,GROUND,GND,POWER,GND,IMX95IEC,attached:i.mx95_19mm_ballmap.xlsx!i.mx95_19mm_SPN_r1.0,HIGH,false,
M8,DRAM_DQ02_B,,DDR,VDDQ_DDR,LPDDR5,DRAM_DQ02_B,IMX95IEC,attached:i.mx95_19mm_ballmap.xlsx!i.mx95_19mm_SPN_r1.0,HIGH,false,
M10,DRAM_DQ01_B,,DDR,VDDQ_DDR,LPDDR5,DRAM_DQ01_B,IMX95IEC,attached:i.mx95_19mm_ballmap.xlsx!i.mx95_19mm_SPN_r1.0,HIGH,false,
M12,VSS,,GROUND,GND,POWER,GND,IMX95IEC,attached:i.mx95_19mm_ballmap.xlsx!i.mx95_19mm_SPN_r1.0,HIGH,false,
M14,VSS,,GROUND,GND,POWER,GND,IMX95IEC,attached:i.mx95_19mm_ballmap.xlsx!i.mx95_19mm_SPN_r1.0,HIGH,false,
M16,VDD_SOC,,POWER,POWER,POWER,VDD_SOC,IMX95IEC,attached:i.mx95_19mm_ballmap.xlsx!i.mx95_19mm_SPN_r1.0,HIGH,false,
M18,VSS,,GROUND,GND,POWER,GND,IMX95IEC,attached:i.mx95_19mm_ballmap.xlsx!i.mx95_19mm_SPN_r1.0,HIGH,false,
M20,VDD_SOC,,POWER,POWER,POWER,VDD_SOC,IMX95IEC,attached:i.mx95_19mm_ballmap.xlsx!i.mx95_19mm_SPN_r1.0,HIGH,false,
M22,DEPOP,,DEPOP,TBD_IOMUX,NO_BALL,NC,IMX95IEC,attached:i.mx95_19mm_ballmap.xlsx!i.mx95_19mm_SPN_r1.0,N/A,false,
M24,DEPOP,,DEPOP,TBD_IOMUX,NO_BALL,NC,IMX95IEC,attached:i.mx95_19mm_ballmap.xlsx!i.mx95_19mm_SPN_r1.0,N/A,false,
M26,DEPOP,,DEPOP,TBD_IOMUX,NO_BALL,NC,IMX95IEC,attached:i.mx95_19mm_ballmap.xlsx!i.mx95_19mm_SPN_r1.0,N/A,false,
M28,VSS,,GROUND,GND,POWER,GND,IMX95IEC,attached:i.mx95_19mm_ballmap.xlsx!i.mx95_19mm_SPN_r1.0,HIGH,false,
M30,VSS,,GROUND,GND,POWER,GND,IMX95IEC,attached:i.mx95_19mm_ballmap.xlsx!i.mx95_19mm_SPN_r1.0,HIGH,false,
M32,DEPOP,,DEPOP,TBD_IOMUX,NO_BALL,NC,IMX95IEC,attached:i.mx95_19mm_ballmap.xlsx!i.mx95_19mm_SPN_r1.0,N/A,false,
M34,DEPOP,,DEPOP,TBD_IOMUX,NO_BALL,NC,IMX95IEC,attached:i.mx95_19mm_ballmap.xlsx!i.mx95_19mm_SPN_r1.0,N/A,false,
M36,DEPOP,,DEPOP,TBD_IOMUX,NO_BALL,NC,IMX95IEC,attached:i.mx95_19mm_ballmap.xlsx!i.mx95_19mm_SPN_r1.0,N/A,false,
M38,VDD_ARM,,POWER,POWER,POWER,VDD_ARM,IMX95IEC,attached:i.mx95_19mm_ballmap.xlsx!i.mx95_19mm_SPN_r1.0,HIGH,false,
M40,VDD_SOC,,POWER,POWER,POWER,VDD_SOC,IMX95IEC,attached:i.mx95_19mm_ballmap.xlsx!i.mx95_19mm_SPN_r1.0,HIGH,false,
M42,VSS,,GROUND,GND,POWER,GND,IMX95IEC,attached:i.mx95_19mm_ballmap.xlsx!i.mx95_19mm_SPN_r1.0,HIGH,false,
M44,GPIO_IO08,SEE_IMX95_PINMUX_SHEET,IO,NVCC_GPIO,GPIO_PERIPH_CANDIDATE,GPIO_IO08,IMX95IEC,attached:i.mx95_19mm_ballmap.xlsx!i.mx95_19mm_SPN_r1.0,MEDIUM,false,
M46,GPIO_IO09,SEE_IMX95_PINMUX_SHEET,IO,NVCC_GPIO,GPIO_PERIPH_CANDIDATE,GPIO_IO09,IMX95IEC,attached:i.mx95_19mm_ballmap.xlsx!i.mx95_19mm_SPN_r1.0,MEDIUM,false,
M48,GPIO_IO10,SEE_IMX95_PINMUX_SHEET,IO,NVCC_GPIO,GPIO_PERIPH_CANDIDATE,GPIO_IO10,IMX95IEC,attached:i.mx95_19mm_ballmap.xlsx!i.mx95_19mm_SPN_r1.0,MEDIUM,false,
M50,VSS,,GROUND,GND,POWER,GND,IMX95IEC,attached:i.mx95_19mm_ballmap.xlsx!i.mx95_19mm_SPN_r1.0,HIGH,false,
M52,GPIO_IO11,SEE_IMX95_PINMUX_SHEET,IO,NVCC_GPIO,GPIO_PERIPH_CANDIDATE,GPIO_IO11,IMX95IEC,attached:i.mx95_19mm_ballmap.xlsx!i.mx95_19mm_SPN_r1.0,MEDIUM,false,
N1,DRAM_DQ15_B,,DDR,VDDQ_DDR,LPDDR5,DRAM_DQ15_B,IMX95IEC,attached:i.mx95_19mm_ballmap.xlsx!i.mx95_19mm_SPN_r1.0,HIGH,false,
N3,VSS,,GROUND,GND,POWER,GND,IMX95IEC,attached:i.mx95_19mm_ballmap.xlsx!i.mx95_19mm_SPN_r1.0,HIGH,false,
N5,DRAM_DQ14_B,,DDR,VDDQ_DDR,LPDDR5,DRAM_DQ14_B,IMX95IEC,attached:i.mx95_19mm_ballmap.xlsx!i.mx95_19mm_SPN_r1.0,HIGH,false,
N7,DRAM_DQ00_B,,DDR,VDDQ_DDR,LPDDR5,DRAM_DQ00_B,IMX95IEC,attached:i.mx95_19mm_ballmap.xlsx!i.mx95_19mm_SPN_r1.0,HIGH,false,
N9,VSS,,GROUND,GND,POWER,GND,IMX95IEC,attached:i.mx95_19mm_ballmap.xlsx!i.mx95_19mm_SPN_r1.0,HIGH,false,
N11,DRAM_DQ03_B,,DDR,VDDQ_DDR,LPDDR5,DRAM_DQ03_B,IMX95IEC,attached:i.mx95_19mm_ballmap.xlsx!i.mx95_19mm_SPN_r1.0,HIGH,false,
N13,DEPOP,,DEPOP,TBD_IOMUX,NO_BALL,NC,IMX95IEC,attached:i.mx95_19mm_ballmap.xlsx!i.mx95_19mm_SPN_r1.0,N/A,false,
N15,DEPOP,,DEPOP,TBD_IOMUX,NO_BALL,NC,IMX95IEC,attached:i.mx95_19mm_ballmap.xlsx!i.mx95_19mm_SPN_r1.0,N/A,false,
N17,DEPOP,,DEPOP,TBD_IOMUX,NO_BALL,NC,IMX95IEC,attached:i.mx95_19mm_ballmap.xlsx!i.mx95_19mm_SPN_r1.0,N/A,false,
N19,VDD_SOC,,POWER,POWER,POWER,VDD_SOC,IMX95IEC,attached:i.mx95_19mm_ballmap.xlsx!i.mx95_19mm_SPN_r1.0,HIGH,false,
N21,DEPOP,,DEPOP,TBD_IOMUX,NO_BALL,NC,IMX95IEC,attached:i.mx95_19mm_ballmap.xlsx!i.mx95_19mm_SPN_r1.0,N/A,false,
N23,DEPOP,,DEPOP,TBD_IOMUX,NO_BALL,NC,IMX95IEC,attached:i.mx95_19mm_ballmap.xlsx!i.mx95_19mm_SPN_r1.0,N/A,false,
N25,DEPOP,,DEPOP,TBD_IOMUX,NO_BALL,NC,IMX95IEC,attached:i.mx95_19mm_ballmap.xlsx!i.mx95_19mm_SPN_r1.0,N/A,false,
N27,VDD_ARM,,POWER,POWER,POWER,VDD_ARM,IMX95IEC,attached:i.mx95_19mm_ballmap.xlsx!i.mx95_19mm_SPN_r1.0,HIGH,false,
N29,VDD_ARM,,POWER,POWER,POWER,VDD_ARM,IMX95IEC,attached:i.mx95_19mm_ballmap.xlsx!i.mx95_19mm_SPN_r1.0,HIGH,false,
N31,VDD_ARM,,POWER,POWER,POWER,VDD_ARM,IMX95IEC,attached:i.mx95_19mm_ballmap.xlsx!i.mx95_19mm_SPN_r1.0,HIGH,false,
N33,VDD_ARM,,POWER,POWER,POWER,VDD_ARM,IMX95IEC,attached:i.mx95_19mm_ballmap.xlsx!i.mx95_19mm_SPN_r1.0,HIGH,false,
N35,VDD_ARM,,POWER,POWER,POWER,VDD_ARM,IMX95IEC,attached:i.mx95_19mm_ballmap.xlsx!i.mx95_19mm_SPN_r1.0,HIGH,false,
N37,VDD_ARM,,POWER,POWER,POWER,VDD_ARM,IMX95IEC,attached:i.mx95_19mm_ballmap.xlsx!i.mx95_19mm_SPN_r1.0,HIGH,false,
N39,VSS,,GROUND,GND,POWER,GND,IMX95IEC,attached:i.mx95_19mm_ballmap.xlsx!i.mx95_19mm_SPN_r1.0,HIGH,false,
N41,VDD_SOC,,POWER,POWER,POWER,VDD_SOC,IMX95IEC,attached:i.mx95_19mm_ballmap.xlsx!i.mx95_19mm_SPN_r1.0,HIGH,false,
N43,VSS,,GROUND,GND,POWER,GND,IMX95IEC,attached:i.mx95_19mm_ballmap.xlsx!i.mx95_19mm_SPN_r1.0,HIGH,false,
N45,GPIO_IO12,SEE_IMX95_PINMUX_SHEET,IO,NVCC_GPIO,GPIO_PERIPH_CANDIDATE,GPIO_IO12,IMX95IEC,attached:i.mx95_19mm_ballmap.xlsx!i.mx95_19mm_SPN_r1.0,MEDIUM,false,
N47,VSS,,GROUND,GND,POWER,GND,IMX95IEC,attached:i.mx95_19mm_ballmap.xlsx!i.mx95_19mm_SPN_r1.0,HIGH,false,
N49,GPIO_IO13,SEE_IMX95_PINMUX_SHEET,IO,NVCC_GPIO,GPIO_PERIPH_CANDIDATE,GPIO_IO13,IMX95IEC,attached:i.mx95_19mm_ballmap.xlsx!i.mx95_19mm_SPN_r1.0,MEDIUM,false,
N51,GPIO_IO14,SEE_IMX95_PINMUX_SHEET,IO,NVCC_GPIO,GPIO_PERIPH_CANDIDATE,GPIO_IO14,IMX95IEC,attached:i.mx95_19mm_ballmap.xlsx!i.mx95_19mm_SPN_r1.0,MEDIUM,false,
P2,DRAM_DQ09_B,,DDR,VDDQ_DDR,LPDDR5,DRAM_DQ09_B,IMX95IEC,attached:i.mx95_19mm_ballmap.xlsx!i.mx95_19mm_SPN_r1.0,HIGH,false,
P4,DRAM_DQ11_B,,DDR,VDDQ_DDR,LPDDR5,DRAM_DQ11_B,IMX95IEC,attached:i.mx95_19mm_ballmap.xlsx!i.mx95_19mm_SPN_r1.0,HIGH,false,
P6,VSS,,GROUND,GND,POWER,GND,IMX95IEC,attached:i.mx95_19mm_ballmap.xlsx!i.mx95_19mm_SPN_r1.0,HIGH,false,
P8,DRAM_DQS1_C_B,,DDR,VDDQ_DDR,LPDDR5,DRAM_DQS1_C_B,IMX95IEC,attached:i.mx95_19mm_ballmap.xlsx!i.mx95_19mm_SPN_r1.0,HIGH,false,
P10,DRAM_DQS1_T_B,,DDR,VDDQ_DDR,LPDDR5,DRAM_DQS1_T_B,IMX95IEC,attached:i.mx95_19mm_ballmap.xlsx!i.mx95_19mm_SPN_r1.0,HIGH,false,
P12,VDDQ_DDR,,POWER,POWER,POWER,VDDQ_DDR,IMX95IEC,attached:i.mx95_19mm_ballmap.xlsx!i.mx95_19mm_SPN_r1.0,HIGH,false,
P14,DEPOP,,DEPOP,TBD_IOMUX,NO_BALL,NC,IMX95IEC,attached:i.mx95_19mm_ballmap.xlsx!i.mx95_19mm_SPN_r1.0,N/A,false,
P16,DEPOP,,DEPOP,TBD_IOMUX,NO_BALL,NC,IMX95IEC,attached:i.mx95_19mm_ballmap.xlsx!i.mx95_19mm_SPN_r1.0,N/A,false,
P18,DEPOP,,DEPOP,TBD_IOMUX,NO_BALL,NC,IMX95IEC,attached:i.mx95_19mm_ballmap.xlsx!i.mx95_19mm_SPN_r1.0,N/A,false,
P20,VSS,,GROUND,GND,POWER,GND,IMX95IEC,attached:i.mx95_19mm_ballmap.xlsx!i.mx95_19mm_SPN_r1.0,HIGH,false,
P22,VSS,,GROUND,GND,POWER,GND,IMX95IEC,attached:i.mx95_19mm_ballmap.xlsx!i.mx95_19mm_SPN_r1.0,HIGH,false,
P24,VSS,,GROUND,GND,POWER,GND,IMX95IEC,attached:i.mx95_19mm_ballmap.xlsx!i.mx95_19mm_SPN_r1.0,HIGH,false,
P26,VSS,,GROUND,GND,POWER,GND,IMX95IEC,attached:i.mx95_19mm_ballmap.xlsx!i.mx95_19mm_SPN_r1.0,HIGH,false,
P28,VSS,,GROUND,GND,POWER,GND,IMX95IEC,attached:i.mx95_19mm_ballmap.xlsx!i.mx95_19mm_SPN_r1.0,HIGH,false,
P30,VDD_ARM,,POWER,POWER,POWER,VDD_ARM,IMX95IEC,attached:i.mx95_19mm_ballmap.xlsx!i.mx95_19mm_SPN_r1.0,HIGH,false,
P32,VSS,,GROUND,GND,POWER,GND,IMX95IEC,attached:i.mx95_19mm_ballmap.xlsx!i.mx95_19mm_SPN_r1.0,HIGH,false,
P34,VSS,,GROUND,GND,POWER,GND,IMX95IEC,attached:i.mx95_19mm_ballmap.xlsx!i.mx95_19mm_SPN_r1.0,HIGH,false,
P36,VDD_ARM,,POWER,POWER,POWER,VDD_ARM,IMX95IEC,attached:i.mx95_19mm_ballmap.xlsx!i.mx95_19mm_SPN_r1.0,HIGH,false,
P38,VSS,,GROUND,GND,POWER,GND,IMX95IEC,attached:i.mx95_19mm_ballmap.xlsx!i.mx95_19mm_SPN_r1.0,HIGH,false,
P40,VDD_SOC,,POWER,POWER,POWER,VDD_SOC,IMX95IEC,attached:i.mx95_19mm_ballmap.xlsx!i.mx95_19mm_SPN_r1.0,HIGH,false,
P42,NVCC_AON,,POWER,POWER,POWER,NVCC_AON,IMX95IEC,attached:i.mx95_19mm_ballmap.xlsx!i.mx95_19mm_SPN_r1.0,HIGH,false,
P44,GPIO_IO15,SEE_IMX95_PINMUX_SHEET,IO,NVCC_GPIO,GPIO_PERIPH_CANDIDATE,GPIO_IO15,IMX95IEC,attached:i.mx95_19mm_ballmap.xlsx!i.mx95_19mm_SPN_r1.0,MEDIUM,false,
P46,GPIO_IO16,SEE_IMX95_PINMUX_SHEET,IO,NVCC_GPIO,GPIO_PERIPH_CANDIDATE,GPIO_IO16,IMX95IEC,attached:i.mx95_19mm_ballmap.xlsx!i.mx95_19mm_SPN_r1.0,MEDIUM,false,
P48,GPIO_IO17,SEE_IMX95_PINMUX_SHEET,IO,NVCC_GPIO,GPIO_PERIPH_CANDIDATE,GPIO_IO17,IMX95IEC,attached:i.mx95_19mm_ballmap.xlsx!i.mx95_19mm_SPN_r1.0,MEDIUM,false,
P50,VSS,,GROUND,GND,POWER,GND,IMX95IEC,attached:i.mx95_19mm_ballmap.xlsx!i.mx95_19mm_SPN_r1.0,HIGH,false,
P52,GPIO_IO18,SEE_IMX95_PINMUX_SHEET,IO,NVCC_GPIO,GPIO_PERIPH_CANDIDATE,GPIO_IO18,IMX95IEC,attached:i.mx95_19mm_ballmap.xlsx!i.mx95_19mm_SPN_r1.0,MEDIUM,false,
R1,DRAM_DQ10_B,,DDR,VDDQ_DDR,LPDDR5,DRAM_DQ10_B,IMX95IEC,attached:i.mx95_19mm_ballmap.xlsx!i.mx95_19mm_SPN_r1.0,HIGH,false,
R3,VSS,,GROUND,GND,POWER,GND,IMX95IEC,attached:i.mx95_19mm_ballmap.xlsx!i.mx95_19mm_SPN_r1.0,HIGH,false,
R5,DRAM_DQ08_B,,DDR,VDDQ_DDR,LPDDR5,DRAM_DQ08_B,IMX95IEC,attached:i.mx95_19mm_ballmap.xlsx!i.mx95_19mm_SPN_r1.0,HIGH,false,
R7,DRAM_WCK1_C_B,,DDR,VDDQ_DDR,LPDDR5,DRAM_WCK1_C_B,IMX95IEC,attached:i.mx95_19mm_ballmap.xlsx!i.mx95_19mm_SPN_r1.0,HIGH,false,
R9,VSS,,GROUND,GND,POWER,GND,IMX95IEC,attached:i.mx95_19mm_ballmap.xlsx!i.mx95_19mm_SPN_r1.0,HIGH,false,
R11,DRAM_CA7_B,,DDR,VDDQ_DDR,LPDDR5,DRAM_CA7_B,IMX95IEC,attached:i.mx95_19mm_ballmap.xlsx!i.mx95_19mm_SPN_r1.0,HIGH,false,
R13,VDDQ_DDR,,POWER,POWER,POWER,VDDQ_DDR,IMX95IEC,attached:i.mx95_19mm_ballmap.xlsx!i.mx95_19mm_SPN_r1.0,HIGH,false,
R15,VSS,,GROUND,GND,POWER,GND,IMX95IEC,attached:i.mx95_19mm_ballmap.xlsx!i.mx95_19mm_SPN_r1.0,HIGH,false,
R17,VDD_DDR_0P8,,POWER,POWER,POWER,VDD_DDR_0P8,IMX95IEC,attached:i.mx95_19mm_ballmap.xlsx!i.mx95_19mm_SPN_r1.0,HIGH,false,
R19,VDD_SOC,,POWER,POWER,POWER,VDD_SOC,IMX95IEC,attached:i.mx95_19mm_ballmap.xlsx!i.mx95_19mm_SPN_r1.0,HIGH,false,
R21,VDD_SOC,,POWER,POWER,POWER,VDD_SOC,IMX95IEC,attached:i.mx95_19mm_ballmap.xlsx!i.mx95_19mm_SPN_r1.0,HIGH,false,
R23,VDD_SOC,,POWER,POWER,POWER,VDD_SOC,IMX95IEC,attached:i.mx95_19mm_ballmap.xlsx!i.mx95_19mm_SPN_r1.0,HIGH,false,
R25,VDD_SOC,,POWER,POWER,POWER,VDD_SOC,IMX95IEC,attached:i.mx95_19mm_ballmap.xlsx!i.mx95_19mm_SPN_r1.0,HIGH,false,
R27,VDD_ARM,,POWER,POWER,POWER,VDD_ARM,IMX95IEC,attached:i.mx95_19mm_ballmap.xlsx!i.mx95_19mm_SPN_r1.0,HIGH,false,
R29,VDD_ARM,,POWER,POWER,POWER,VDD_ARM,IMX95IEC,attached:i.mx95_19mm_ballmap.xlsx!i.mx95_19mm_SPN_r1.0,HIGH,false,
R31,VDD_ARM,,POWER,POWER,POWER,VDD_ARM,IMX95IEC,attached:i.mx95_19mm_ballmap.xlsx!i.mx95_19mm_SPN_r1.0,HIGH,false,
R33,VDD_ARM,,POWER,POWER,POWER,VDD_ARM,IMX95IEC,attached:i.mx95_19mm_ballmap.xlsx!i.mx95_19mm_SPN_r1.0,HIGH,false,
R35,VDD_ARM,,POWER,POWER,POWER,VDD_ARM,IMX95IEC,attached:i.mx95_19mm_ballmap.xlsx!i.mx95_19mm_SPN_r1.0,HIGH,false,
R37,VDD_ARM,,POWER,POWER,POWER,VDD_ARM,IMX95IEC,attached:i.mx95_19mm_ballmap.xlsx!i.mx95_19mm_SPN_r1.0,HIGH,false,
R39,VDD_SOC,,POWER,POWER,POWER,VDD_SOC,IMX95IEC,attached:i.mx95_19mm_ballmap.xlsx!i.mx95_19mm_SPN_r1.0,HIGH,false,
R41,NVCC_AON,,POWER,POWER,POWER,NVCC_AON,IMX95IEC,attached:i.mx95_19mm_ballmap.xlsx!i.mx95_19mm_SPN_r1.0,HIGH,false,
R43,VSS,,GROUND,GND,POWER,GND,IMX95IEC,attached:i.mx95_19mm_ballmap.xlsx!i.mx95_19mm_SPN_r1.0,HIGH,false,
R45,GPIO_IO19,SEE_IMX95_PINMUX_SHEET,IO,NVCC_GPIO,GPIO_PERIPH_CANDIDATE,GPIO_IO19,IMX95IEC,attached:i.mx95_19mm_ballmap.xlsx!i.mx95_19mm_SPN_r1.0,MEDIUM,false,
R47,VSS,,GROUND,GND,POWER,GND,IMX95IEC,attached:i.mx95_19mm_ballmap.xlsx!i.mx95_19mm_SPN_r1.0,HIGH,false,
R49,GPIO_IO20,SEE_IMX95_PINMUX_SHEET,IO,NVCC_GPIO,GPIO_PERIPH_CANDIDATE,GPIO_IO20,IMX95IEC,attached:i.mx95_19mm_ballmap.xlsx!i.mx95_19mm_SPN_r1.0,MEDIUM,false,
R51,GPIO_IO21,SEE_IMX95_PINMUX_SHEET,IO,NVCC_GPIO,GPIO_PERIPH_CANDIDATE,GPIO_IO21,IMX95IEC,attached:i.mx95_19mm_ballmap.xlsx!i.mx95_19mm_SPN_r1.0,MEDIUM,false,
T2,DRAM_CA3_B,,DDR,VDDQ_DDR,LPDDR5,DRAM_CA3_B,IMX95IEC,attached:i.mx95_19mm_ballmap.xlsx!i.mx95_19mm_SPN_r1.0,HIGH,false,
T4,DRAM_CA2_B,,DDR,VDDQ_DDR,LPDDR5,DRAM_CA2_B,IMX95IEC,attached:i.mx95_19mm_ballmap.xlsx!i.mx95_19mm_SPN_r1.0,HIGH,false,
T6,VSS,,GROUND,GND,POWER,GND,IMX95IEC,attached:i.mx95_19mm_ballmap.xlsx!i.mx95_19mm_SPN_r1.0,HIGH,false,
T8,DRAM_WCK1_T_B,,DDR,VDDQ_DDR,LPDDR5,DRAM_WCK1_T_B,IMX95IEC,attached:i.mx95_19mm_ballmap.xlsx!i.mx95_19mm_SPN_r1.0,HIGH,false,
T10,DRAM_CA5_B,,DDR,VDDQ_DDR,LPDDR5,DRAM_CA5_B,IMX95IEC,attached:i.mx95_19mm_ballmap.xlsx!i.mx95_19mm_SPN_r1.0,HIGH,false,
T12,VDDQ_DDR,,POWER,POWER,POWER,VDDQ_DDR,IMX95IEC,attached:i.mx95_19mm_ballmap.xlsx!i.mx95_19mm_SPN_r1.0,HIGH,false,
T14,VSS,,GROUND,GND,POWER,GND,IMX95IEC,attached:i.mx95_19mm_ballmap.xlsx!i.mx95_19mm_SPN_r1.0,HIGH,false,
T16,VDD_DDR_0P8,,POWER,POWER,POWER,VDD_DDR_0P8,IMX95IEC,attached:i.mx95_19mm_ballmap.xlsx!i.mx95_19mm_SPN_r1.0,HIGH,false,
T18,VDD_DDR_0P8,,POWER,POWER,POWER,VDD_DDR_0P8,IMX95IEC,attached:i.mx95_19mm_ballmap.xlsx!i.mx95_19mm_SPN_r1.0,HIGH,false,
T20,VSS,,GROUND,GND,POWER,GND,IMX95IEC,attached:i.mx95_19mm_ballmap.xlsx!i.mx95_19mm_SPN_r1.0,HIGH,false,
T22,VSS,,GROUND,GND,POWER,GND,IMX95IEC,attached:i.mx95_19mm_ballmap.xlsx!i.mx95_19mm_SPN_r1.0,HIGH,false,
T24,VSS,,GROUND,GND,POWER,GND,IMX95IEC,attached:i.mx95_19mm_ballmap.xlsx!i.mx95_19mm_SPN_r1.0,HIGH,false,
T26,VSS,,GROUND,GND,POWER,GND,IMX95IEC,attached:i.mx95_19mm_ballmap.xlsx!i.mx95_19mm_SPN_r1.0,HIGH,false,
T28,VSS,,GROUND,GND,POWER,GND,IMX95IEC,attached:i.mx95_19mm_ballmap.xlsx!i.mx95_19mm_SPN_r1.0,HIGH,false,
T30,DEPOP,,DEPOP,TBD_IOMUX,NO_BALL,NC,IMX95IEC,attached:i.mx95_19mm_ballmap.xlsx!i.mx95_19mm_SPN_r1.0,N/A,false,
T32,DEPOP,,DEPOP,TBD_IOMUX,NO_BALL,NC,IMX95IEC,attached:i.mx95_19mm_ballmap.xlsx!i.mx95_19mm_SPN_r1.0,N/A,false,
T34,DEPOP,,DEPOP,TBD_IOMUX,NO_BALL,NC,IMX95IEC,attached:i.mx95_19mm_ballmap.xlsx!i.mx95_19mm_SPN_r1.0,N/A,false,
T36,VSS,,GROUND,GND,POWER,GND,IMX95IEC,attached:i.mx95_19mm_ballmap.xlsx!i.mx95_19mm_SPN_r1.0,HIGH,false,
T38,VSS,,GROUND,GND,POWER,GND,IMX95IEC,attached:i.mx95_19mm_ballmap.xlsx!i.mx95_19mm_SPN_r1.0,HIGH,false,
T40,NVCC_GPIO,,POWER,POWER,POWER,NVCC_GPIO,IMX95IEC,attached:i.mx95_19mm_ballmap.xlsx!i.mx95_19mm_SPN_r1.0,HIGH,false,
T42,VSS,,GROUND,GND,POWER,GND,IMX95IEC,attached:i.mx95_19mm_ballmap.xlsx!i.mx95_19mm_SPN_r1.0,HIGH,false,
T44,GPIO_IO22,SEE_IMX95_PINMUX_SHEET,IO,NVCC_GPIO,GPIO_PERIPH_CANDIDATE,GPIO_IO22,IMX95IEC,attached:i.mx95_19mm_ballmap.xlsx!i.mx95_19mm_SPN_r1.0,MEDIUM,false,
T46,GPIO_IO23,SEE_IMX95_PINMUX_SHEET,IO,NVCC_GPIO,GPIO_PERIPH_CANDIDATE,GPIO_IO23,IMX95IEC,attached:i.mx95_19mm_ballmap.xlsx!i.mx95_19mm_SPN_r1.0,MEDIUM,false,
T48,GPIO_IO24,SEE_IMX95_PINMUX_SHEET,IO,NVCC_GPIO,GPIO_PERIPH_CANDIDATE,GPIO_IO24,IMX95IEC,attached:i.mx95_19mm_ballmap.xlsx!i.mx95_19mm_SPN_r1.0,MEDIUM,false,
T50,VSS,,GROUND,GND,POWER,GND,IMX95IEC,attached:i.mx95_19mm_ballmap.xlsx!i.mx95_19mm_SPN_r1.0,HIGH,false,
T52,GPIO_IO25,SEE_IMX95_PINMUX_SHEET,IO,NVCC_GPIO,GPIO_PERIPH_CANDIDATE,GPIO_IO25,IMX95IEC,attached:i.mx95_19mm_ballmap.xlsx!i.mx95_19mm_SPN_r1.0,MEDIUM,false,
U1,DRAM_DTO,,DDR,VDD2H_DDR,LPDDR5,DRAM_DTO,IMX95IEC,attached:i.mx95_19mm_ballmap.xlsx!i.mx95_19mm_SPN_r1.0,HIGH,false,
U3,VSS,,GROUND,GND,POWER,GND,IMX95IEC,attached:i.mx95_19mm_ballmap.xlsx!i.mx95_19mm_SPN_r1.0,HIGH,false,
U5,DRAM_CA4_B,,DDR,VDDQ_DDR,LPDDR5,DRAM_CA4_B,IMX95IEC,attached:i.mx95_19mm_ballmap.xlsx!i.mx95_19mm_SPN_r1.0,HIGH,false,
U7,DRAM_CA0_B,,DDR,VDDQ_DDR,LPDDR5,DRAM_CA0_B,IMX95IEC,attached:i.mx95_19mm_ballmap.xlsx!i.mx95_19mm_SPN_r1.0,HIGH,false,
U9,VSS,,GROUND,GND,POWER,GND,IMX95IEC,attached:i.mx95_19mm_ballmap.xlsx!i.mx95_19mm_SPN_r1.0,HIGH,false,
U11,DRAM_CA6_B,,DDR,VDDQ_DDR,LPDDR5,DRAM_CA6_B,IMX95IEC,attached:i.mx95_19mm_ballmap.xlsx!i.mx95_19mm_SPN_r1.0,HIGH,false,
U13,DEPOP,,DEPOP,TBD_IOMUX,NO_BALL,NC,IMX95IEC,attached:i.mx95_19mm_ballmap.xlsx!i.mx95_19mm_SPN_r1.0,N/A,false,
U15,DEPOP,,DEPOP,TBD_IOMUX,NO_BALL,NC,IMX95IEC,attached:i.mx95_19mm_ballmap.xlsx!i.mx95_19mm_SPN_r1.0,N/A,false,
U17,DEPOP,,DEPOP,TBD_IOMUX,NO_BALL,NC,IMX95IEC,attached:i.mx95_19mm_ballmap.xlsx!i.mx95_19mm_SPN_r1.0,N/A,false,
U19,VDD_SOC,,POWER,POWER,POWER,VDD_SOC,IMX95IEC,attached:i.mx95_19mm_ballmap.xlsx!i.mx95_19mm_SPN_r1.0,HIGH,false,
U21,VDD_SOC,,POWER,POWER,POWER,VDD_SOC,IMX95IEC,attached:i.mx95_19mm_ballmap.xlsx!i.mx95_19mm_SPN_r1.0,HIGH,false,
U23,VDD_SOC,,POWER,POWER,POWER,VDD_SOC,IMX95IEC,attached:i.mx95_19mm_ballmap.xlsx!i.mx95_19mm_SPN_r1.0,HIGH,false,
U25,VDD_SOC,,POWER,POWER,POWER,VDD_SOC,IMX95IEC,attached:i.mx95_19mm_ballmap.xlsx!i.mx95_19mm_SPN_r1.0,HIGH,false,
U27,VDD_ARM,,POWER,POWER,POWER,VDD_ARM,IMX95IEC,attached:i.mx95_19mm_ballmap.xlsx!i.mx95_19mm_SPN_r1.0,HIGH,false,
U29,VDD_ARM,,POWER,POWER,POWER,VDD_ARM,IMX95IEC,attached:i.mx95_19mm_ballmap.xlsx!i.mx95_19mm_SPN_r1.0,HIGH,false,
U31,DEPOP,,DEPOP,TBD_IOMUX,NO_BALL,NC,IMX95IEC,attached:i.mx95_19mm_ballmap.xlsx!i.mx95_19mm_SPN_r1.0,N/A,false,
U33,DEPOP,,DEPOP,TBD_IOMUX,NO_BALL,NC,IMX95IEC,attached:i.mx95_19mm_ballmap.xlsx!i.mx95_19mm_SPN_r1.0,N/A,false,
U35,DEPOP,,DEPOP,TBD_IOMUX,NO_BALL,NC,IMX95IEC,attached:i.mx95_19mm_ballmap.xlsx!i.mx95_19mm_SPN_r1.0,N/A,false,
U37,VSS,,GROUND,GND,POWER,GND,IMX95IEC,attached:i.mx95_19mm_ballmap.xlsx!i.mx95_19mm_SPN_r1.0,HIGH,false,
U39,VDD_SOC,,POWER,POWER,POWER,VDD_SOC,IMX95IEC,attached:i.mx95_19mm_ballmap.xlsx!i.mx95_19mm_SPN_r1.0,HIGH,false,
U41,NVCC_GPIO,,POWER,POWER,POWER,NVCC_GPIO,IMX95IEC,attached:i.mx95_19mm_ballmap.xlsx!i.mx95_19mm_SPN_r1.0,HIGH,false,
U43,VSS,,GROUND,GND,POWER,GND,IMX95IEC,attached:i.mx95_19mm_ballmap.xlsx!i.mx95_19mm_SPN_r1.0,HIGH,false,
U45,GPIO_IO26,SEE_IMX95_PINMUX_SHEET,IO,NVCC_GPIO,GPIO_PERIPH_CANDIDATE,GPIO_IO26,IMX95IEC,attached:i.mx95_19mm_ballmap.xlsx!i.mx95_19mm_SPN_r1.0,MEDIUM,false,
U47,VSS,,GROUND,GND,POWER,GND,IMX95IEC,attached:i.mx95_19mm_ballmap.xlsx!i.mx95_19mm_SPN_r1.0,HIGH,false,
U49,GPIO_IO27,SEE_IMX95_PINMUX_SHEET,IO,NVCC_GPIO,GPIO_PERIPH_CANDIDATE,GPIO_IO27,IMX95IEC,attached:i.mx95_19mm_ballmap.xlsx!i.mx95_19mm_SPN_r1.0,MEDIUM,false,
U51,GPIO_IO28,SEE_IMX95_PINMUX_SHEET,IO,NVCC_GPIO,GPIO_PERIPH_CANDIDATE,GPIO_IO28,IMX95IEC,attached:i.mx95_19mm_ballmap.xlsx!i.mx95_19mm_SPN_r1.0,MEDIUM,false,
V2,DRAM_LP4CKE_LP5CS1_B,,DDR,VDD2H_DDR,LPDDR5,DRAM_LP4CKE_LP5CS1_B,IMX95IEC,attached:i.mx95_19mm_ballmap.xlsx!i.mx95_19mm_SPN_r1.0,HIGH,false,
V4,DRAM_CA1_B,,DDR,VDDQ_DDR,LPDDR5,DRAM_CA1_B,IMX95IEC,attached:i.mx95_19mm_ballmap.xlsx!i.mx95_19mm_SPN_r1.0,HIGH,false,
V6,VSS,,GROUND,GND,POWER,GND,IMX95IEC,attached:i.mx95_19mm_ballmap.xlsx!i.mx95_19mm_SPN_r1.0,HIGH,false,
V8,DRAM_CK_T_B,,DDR,VDDQ_DDR,LPDDR5,DRAM_CK_T_B,IMX95IEC,attached:i.mx95_19mm_ballmap.xlsx!i.mx95_19mm_SPN_r1.0,HIGH,false,
V10,DRAM_CK_C_B,,DDR,VDDQ_DDR,LPDDR5,DRAM_CK_C_B,IMX95IEC,attached:i.mx95_19mm_ballmap.xlsx!i.mx95_19mm_SPN_r1.0,HIGH,false,
V12,VDD2H_DDR,,POWER,POWER,POWER,VDD2H_DDR,IMX95IEC,attached:i.mx95_19mm_ballmap.xlsx!i.mx95_19mm_SPN_r1.0,HIGH,false,
V14,DEPOP,,DEPOP,TBD_IOMUX,NO_BALL,NC,IMX95IEC,attached:i.mx95_19mm_ballmap.xlsx!i.mx95_19mm_SPN_r1.0,N/A,false,
V16,DEPOP,,DEPOP,TBD_IOMUX,NO_BALL,NC,IMX95IEC,attached:i.mx95_19mm_ballmap.xlsx!i.mx95_19mm_SPN_r1.0,N/A,false,
V18,DEPOP,,DEPOP,TBD_IOMUX,NO_BALL,NC,IMX95IEC,attached:i.mx95_19mm_ballmap.xlsx!i.mx95_19mm_SPN_r1.0,N/A,false,
V20,VSS,,GROUND,GND,POWER,GND,IMX95IEC,attached:i.mx95_19mm_ballmap.xlsx!i.mx95_19mm_SPN_r1.0,HIGH,false,
V22,VSS,,GROUND,GND,POWER,GND,IMX95IEC,attached:i.mx95_19mm_ballmap.xlsx!i.mx95_19mm_SPN_r1.0,HIGH,false,
V24,VDD_SOC,,POWER,POWER,POWER,VDD_SOC,IMX95IEC,attached:i.mx95_19mm_ballmap.xlsx!i.mx95_19mm_SPN_r1.0,HIGH,false,
V26,VSS,,GROUND,GND,POWER,GND,IMX95IEC,attached:i.mx95_19mm_ballmap.xlsx!i.mx95_19mm_SPN_r1.0,HIGH,false,
V28,VSS,,GROUND,GND,POWER,GND,IMX95IEC,attached:i.mx95_19mm_ballmap.xlsx!i.mx95_19mm_SPN_r1.0,HIGH,false,
V30,VDD_SOC,,POWER,POWER,POWER,VDD_SOC,IMX95IEC,attached:i.mx95_19mm_ballmap.xlsx!i.mx95_19mm_SPN_r1.0,HIGH,false,
V32,VSS,,GROUND,GND,POWER,GND,IMX95IEC,attached:i.mx95_19mm_ballmap.xlsx!i.mx95_19mm_SPN_r1.0,HIGH,false,
V34,VDD_SOC,,POWER,POWER,POWER,VDD_SOC,IMX95IEC,attached:i.mx95_19mm_ballmap.xlsx!i.mx95_19mm_SPN_r1.0,HIGH,false,
V36,VSS,,GROUND,GND,POWER,GND,IMX95IEC,attached:i.mx95_19mm_ballmap.xlsx!i.mx95_19mm_SPN_r1.0,HIGH,false,
V38,VDD_SOC,,POWER,POWER,POWER,VDD_SOC,IMX95IEC,attached:i.mx95_19mm_ballmap.xlsx!i.mx95_19mm_SPN_r1.0,HIGH,false,
V40,VSS,,GROUND,GND,POWER,GND,IMX95IEC,attached:i.mx95_19mm_ballmap.xlsx!i.mx95_19mm_SPN_r1.0,HIGH,false,
V42,VDD_ARM_SENSE,,POWER,POWER,POWER,VDD_ARM_SENSE,IMX95IEC,attached:i.mx95_19mm_ballmap.xlsx!i.mx95_19mm_SPN_r1.0,HIGH,false,
V44,GPIO_IO29,SEE_IMX95_PINMUX_SHEET,IO,NVCC_GPIO,GPIO_PERIPH_CANDIDATE,GPIO_IO29,IMX95IEC,attached:i.mx95_19mm_ballmap.xlsx!i.mx95_19mm_SPN_r1.0,MEDIUM,false,
V46,GPIO_IO30,SEE_IMX95_PINMUX_SHEET,IO,NVCC_GPIO,GPIO_PERIPH_CANDIDATE,GPIO_IO30,IMX95IEC,attached:i.mx95_19mm_ballmap.xlsx!i.mx95_19mm_SPN_r1.0,MEDIUM,false,
V48,GPIO_IO31,SEE_IMX95_PINMUX_SHEET,IO,NVCC_GPIO,GPIO_PERIPH_CANDIDATE,GPIO_IO31,IMX95IEC,attached:i.mx95_19mm_ballmap.xlsx!i.mx95_19mm_SPN_r1.0,MEDIUM,false,
V50,VSS,,GROUND,GND,POWER,GND,IMX95IEC,attached:i.mx95_19mm_ballmap.xlsx!i.mx95_19mm_SPN_r1.0,HIGH,false,
V52,GPIO_IO32,SEE_IMX95_PINMUX_SHEET,IO,NVCC_GPIO,GPIO_PERIPH_CANDIDATE,GPIO_IO32,IMX95IEC,attached:i.mx95_19mm_ballmap.xlsx!i.mx95_19mm_SPN_r1.0,MEDIUM,false,
W1,DRAM_CA1_A,,DDR,VDDQ_DDR,LPDDR5,DRAM_CA1_A,IMX95IEC,attached:i.mx95_19mm_ballmap.xlsx!i.mx95_19mm_SPN_r1.0,HIGH,false,
W3,VSS,,GROUND,GND,POWER,GND,IMX95IEC,attached:i.mx95_19mm_ballmap.xlsx!i.mx95_19mm_SPN_r1.0,HIGH,false,
W5,DRAM_LP4CKE_LP5CS0_B,,DDR,VDD2H_DDR,LPDDR5,DRAM_LP4CKE_LP5CS0_B,IMX95IEC,attached:i.mx95_19mm_ballmap.xlsx!i.mx95_19mm_SPN_r1.0,HIGH,false,
W7,DRAM_ATO,,DDR,VDD2H_DDR,LPDDR5,DRAM_ATO,IMX95IEC,attached:i.mx95_19mm_ballmap.xlsx!i.mx95_19mm_SPN_r1.0,HIGH,false,
W9,VSS,,GROUND,GND,POWER,GND,IMX95IEC,attached:i.mx95_19mm_ballmap.xlsx!i.mx95_19mm_SPN_r1.0,HIGH,false,
W11,DRAM_ZN,,DDR,VDDQ_DDR,LPDDR5,DRAM_ZN,IMX95IEC,attached:i.mx95_19mm_ballmap.xlsx!i.mx95_19mm_SPN_r1.0,HIGH,false,
W13,VDD2H_DDR,,POWER,POWER,POWER,VDD2H_DDR,IMX95IEC,attached:i.mx95_19mm_ballmap.xlsx!i.mx95_19mm_SPN_r1.0,HIGH,false,
W15,VSS,,GROUND,GND,POWER,GND,IMX95IEC,attached:i.mx95_19mm_ballmap.xlsx!i.mx95_19mm_SPN_r1.0,HIGH,false,
W17,VDD_DDR_0P8,,POWER,POWER,POWER,VDD_DDR_0P8,IMX95IEC,attached:i.mx95_19mm_ballmap.xlsx!i.mx95_19mm_SPN_r1.0,HIGH,false,
W19,VDD_SOC,,POWER,POWER,POWER,VDD_SOC,IMX95IEC,attached:i.mx95_19mm_ballmap.xlsx!i.mx95_19mm_SPN_r1.0,HIGH,false,
W21,VDD_SOC,,POWER,POWER,POWER,VDD_SOC,IMX95IEC,attached:i.mx95_19mm_ballmap.xlsx!i.mx95_19mm_SPN_r1.0,HIGH,false,
W23,DEPOP,,DEPOP,TBD_IOMUX,NO_BALL,NC,IMX95IEC,attached:i.mx95_19mm_ballmap.xlsx!i.mx95_19mm_SPN_r1.0,N/A,false,
W25,DEPOP,,DEPOP,TBD_IOMUX,NO_BALL,NC,IMX95IEC,attached:i.mx95_19mm_ballmap.xlsx!i.mx95_19mm_SPN_r1.0,N/A,false,
W27,DEPOP,,DEPOP,TBD_IOMUX,NO_BALL,NC,IMX95IEC,attached:i.mx95_19mm_ballmap.xlsx!i.mx95_19mm_SPN_r1.0,N/A,false,
W29,VDD_SOC,,POWER,POWER,POWER,VDD_SOC,IMX95IEC,attached:i.mx95_19mm_ballmap.xlsx!i.mx95_19mm_SPN_r1.0,HIGH,false,
W31,VSS,,GROUND,GND,POWER,GND,IMX95IEC,attached:i.mx95_19mm_ballmap.xlsx!i.mx95_19mm_SPN_r1.0,HIGH,false,
W33,VDD_SOC,,POWER,POWER,POWER,VDD_SOC,IMX95IEC,attached:i.mx95_19mm_ballmap.xlsx!i.mx95_19mm_SPN_r1.0,HIGH,false,
W35,VSS,,GROUND,GND,POWER,GND,IMX95IEC,attached:i.mx95_19mm_ballmap.xlsx!i.mx95_19mm_SPN_r1.0,HIGH,false,
W37,VDD_SOC,,POWER,POWER,POWER,VDD_SOC,IMX95IEC,attached:i.mx95_19mm_ballmap.xlsx!i.mx95_19mm_SPN_r1.0,HIGH,false,
W39,VSS,,GROUND,GND,POWER,GND,IMX95IEC,attached:i.mx95_19mm_ballmap.xlsx!i.mx95_19mm_SPN_r1.0,HIGH,false,
W41,VSS_ARM_SENSE,,GROUND,GND,POWER,GND,IMX95IEC,attached:i.mx95_19mm_ballmap.xlsx!i.mx95_19mm_SPN_r1.0,HIGH,false,
W43,VSS,,GROUND,GND,POWER,GND,IMX95IEC,attached:i.mx95_19mm_ballmap.xlsx!i.mx95_19mm_SPN_r1.0,HIGH,false,
W45,GPIO_IO33,SEE_IMX95_PINMUX_SHEET,IO,NVCC_GPIO,GPIO_PERIPH_CANDIDATE,GPIO_IO33,IMX95IEC,attached:i.mx95_19mm_ballmap.xlsx!i.mx95_19mm_SPN_r1.0,MEDIUM,false,
W47,VSS,,GROUND,GND,POWER,GND,IMX95IEC,attached:i.mx95_19mm_ballmap.xlsx!i.mx95_19mm_SPN_r1.0,HIGH,false,
W49,GPIO_IO34,SEE_IMX95_PINMUX_SHEET,IO,NVCC_GPIO,GPIO_PERIPH_CANDIDATE,GPIO_IO34,IMX95IEC,attached:i.mx95_19mm_ballmap.xlsx!i.mx95_19mm_SPN_r1.0,MEDIUM,false,
W51,GPIO_IO35,SEE_IMX95_PINMUX_SHEET,IO,NVCC_GPIO,GPIO_PERIPH_CANDIDATE,GPIO_IO35,IMX95IEC,attached:i.mx95_19mm_ballmap.xlsx!i.mx95_19mm_SPN_r1.0,MEDIUM,false,
Y2,DRAM_CA0_A,,DDR,VDDQ_DDR,LPDDR5,DRAM_CA0_A,IMX95IEC,attached:i.mx95_19mm_ballmap.xlsx!i.mx95_19mm_SPN_r1.0,HIGH,false,
Y4,DRAM_LP4CKE_LP5CS0_A,,DDR,VDD2H_DDR,LPDDR5,DRAM_LP4CKE_LP5CS0_A,IMX95IEC,attached:i.mx95_19mm_ballmap.xlsx!i.mx95_19mm_SPN_r1.0,HIGH,false,
Y6,VSS,,GROUND,GND,POWER,GND,IMX95IEC,attached:i.mx95_19mm_ballmap.xlsx!i.mx95_19mm_SPN_r1.0,HIGH,false,
Y8,DRAM_CK_T_A,,DDR,VDDQ_DDR,LPDDR5,DRAM_CK_T_A,IMX95IEC,attached:i.mx95_19mm_ballmap.xlsx!i.mx95_19mm_SPN_r1.0,HIGH,false,
Y10,DRAM_CK_C_A,,DDR,VDDQ_DDR,LPDDR5,DRAM_CK_C_A,IMX95IEC,attached:i.mx95_19mm_ballmap.xlsx!i.mx95_19mm_SPN_r1.0,HIGH,false,
Y12,VDDQ_DDR,,POWER,POWER,POWER,VDDQ_DDR,IMX95IEC,attached:i.mx95_19mm_ballmap.xlsx!i.mx95_19mm_SPN_r1.0,HIGH,false,
Y14,VSS,,GROUND,GND,POWER,GND,IMX95IEC,attached:i.mx95_19mm_ballmap.xlsx!i.mx95_19mm_SPN_r1.0,HIGH,false,
Y16,VDD_DDR_0P8,,POWER,POWER,POWER,VDD_DDR_0P8,IMX95IEC,attached:i.mx95_19mm_ballmap.xlsx!i.mx95_19mm_SPN_r1.0,HIGH,false,
Y18,VDD_DDR_0P8,,POWER,POWER,POWER,VDD_DDR_0P8,IMX95IEC,attached:i.mx95_19mm_ballmap.xlsx!i.mx95_19mm_SPN_r1.0,HIGH,false,
Y20,VDD_SOC,,POWER,POWER,POWER,VDD_SOC,IMX95IEC,attached:i.mx95_19mm_ballmap.xlsx!i.mx95_19mm_SPN_r1.0,HIGH,false,
Y22,VSS,,GROUND,GND,POWER,GND,IMX95IEC,attached:i.mx95_19mm_ballmap.xlsx!i.mx95_19mm_SPN_r1.0,HIGH,false,
Y24,DEPOP,,DEPOP,TBD_IOMUX,NO_BALL,NC,IMX95IEC,attached:i.mx95_19mm_ballmap.xlsx!i.mx95_19mm_SPN_r1.0,N/A,false,
Y26,DEPOP,,DEPOP,TBD_IOMUX,NO_BALL,NC,IMX95IEC,attached:i.mx95_19mm_ballmap.xlsx!i.mx95_19mm_SPN_r1.0,N/A,false,
Y28,DEPOP,,DEPOP,TBD_IOMUX,NO_BALL,NC,IMX95IEC,attached:i.mx95_19mm_ballmap.xlsx!i.mx95_19mm_SPN_r1.0,N/A,false,
Y30,VDD_SOC,,POWER,POWER,POWER,VDD_SOC,IMX95IEC,attached:i.mx95_19mm_ballmap.xlsx!i.mx95_19mm_SPN_r1.0,HIGH,false,
Y32,VSS,,GROUND,GND,POWER,GND,IMX95IEC,attached:i.mx95_19mm_ballmap.xlsx!i.mx95_19mm_SPN_r1.0,HIGH,false,
Y34,VDD_SOC,,POWER,POWER,POWER,VDD_SOC,IMX95IEC,attached:i.mx95_19mm_ballmap.xlsx!i.mx95_19mm_SPN_r1.0,HIGH,false,
Y36,VSS,,GROUND,GND,POWER,GND,IMX95IEC,attached:i.mx95_19mm_ballmap.xlsx!i.mx95_19mm_SPN_r1.0,HIGH,false,
Y38,VDD_SOC,,POWER,POWER,POWER,VDD_SOC,IMX95IEC,attached:i.mx95_19mm_ballmap.xlsx!i.mx95_19mm_SPN_r1.0,HIGH,false,
Y40,VSS,,GROUND,GND,POWER,GND,IMX95IEC,attached:i.mx95_19mm_ballmap.xlsx!i.mx95_19mm_SPN_r1.0,HIGH,false,
Y42,VDD_ANAVDET_1P8,,POWER,POWER,POWER,VDD_ANAVDET_1P8,IMX95IEC,attached:i.mx95_19mm_ballmap.xlsx!i.mx95_19mm_SPN_r1.0,HIGH,false,
Y44,AUD_P_UTIL,SEE_IMX95_PINMUX_SHEET,IO,VDD_EARC_1P8,GPIO_PERIPH_CANDIDATE,AUD_P_UTIL,IMX95IEC,attached:i.mx95_19mm_ballmap.xlsx!i.mx95_19mm_SPN_r1.0,MEDIUM,false,
Y46,AUD_N_HPD,SEE_IMX95_PINMUX_SHEET,IO,VDD_EARC_1P8,GPIO_PERIPH_CANDIDATE,AUD_N_HPD,IMX95IEC,attached:i.mx95_19mm_ballmap.xlsx!i.mx95_19mm_SPN_r1.0,MEDIUM,false,
Y48,GPIO_IO36,SEE_IMX95_PINMUX_SHEET,IO,NVCC_GPIO,GPIO_PERIPH_CANDIDATE,GPIO_IO36,IMX95IEC,attached:i.mx95_19mm_ballmap.xlsx!i.mx95_19mm_SPN_r1.0,MEDIUM,false,
Y50,VSS,,GROUND,GND,POWER,GND,IMX95IEC,attached:i.mx95_19mm_ballmap.xlsx!i.mx95_19mm_SPN_r1.0,HIGH,false,
Y52,GPIO_IO37,SEE_IMX95_PINMUX_SHEET,IO,NVCC_GPIO,GPIO_PERIPH_CANDIDATE,GPIO_IO37,IMX95IEC,attached:i.mx95_19mm_ballmap.xlsx!i.mx95_19mm_SPN_r1.0,MEDIUM,false,
