item_id,category,manufacturer,mpn,distributor_vendor,vendor_url,qty,purpose,required_or_optional,substitutes_allowed,substitute_qualification_rule,price,stock,lead_time,physical_purchase_status
RP0A-CPU-001,compute,ADLINK,COM-HPC-mMTL-155H-32G,ADLINK / authorized distributor,https://www.adlinktech.com/products/computer_on_modules/com-hpc_mini_module/com-hpc-mmtl,1,COM-HPC Mini Meteor Lake module for RP0-A,required,yes,Same COM-HPC-mMTL family; memory/SKU delta documented; eDP+DDI retained,VERIFY_AT_PURCHASE,VERIFY_AT_PURCHASE,VERIFY_AT_PURCHASE,NOT_PURCHASED
RP0A-CPU-002,compute,ADLINK,COM-HPC Mini Base,ADLINK / authorized distributor,https://www.adlinktech.com/en/com-hpc-mini,1,COTS reference carrier (no custom PCB),required,no,Must be official ADLINK COM-HPC Mini Base or owner-approved equivalent with documented I/O,VERIFY_AT_PURCHASE,VERIFY_AT_PURCHASE,VERIFY_AT_PURCHASE,NOT_PURCHASED
RP0A-CPU-003,compute,ADLINK,mMTL heatspreader/fan kit (VERIFY exact released SKU),ADLINK,https://www.adlinktech.com/products/computer_on_modules/com-hpc_mini_module/com-hpc-mmtl,1,Thermal solution for module,required,yes,Must meet ADLINK thermal guidance for selected SKU,VERIFY_AT_PURCHASE,VERIFY_AT_PURCHASE,VERIFY_AT_PURCHASE,NOT_PURCHASED
RP0A-CPU-004,compute,Generic / ADLINK-specified,ATX/module PSU per Mini Base requirements,VERIFY_AT_PURCHASE,VERIFY_AT_PURCHASE,1,Compatible power supply,required,yes,Meets carrier voltage/current; safety certified,VERIFY_AT_PURCHASE,VERIFY_AT_PURCHASE,VERIFY_AT_PURCHASE,NOT_PURCHASED
RP0A-STO-001,storage,VERIFY_AT_PURCHASE,M.2 NVMe 2280 reference SSD,VERIFY_AT_PURCHASE,VERIFY_AT_PURCHASE,1,NVMe boot/storage bring-up,required,yes,PCIe NVMe; capacity >=256GB preferred,VERIFY_AT_PURCHASE,VERIFY_AT_PURCHASE,VERIFY_AT_PURCHASE,NOT_PURCHASED
RP0A-WIFI-001,wifi,Intel,BE200 class M.2 Key E,VERIFY_AT_PURCHASE,VERIFY_AT_PURCHASE,1,Wi-Fi 7 / BT mainline class,required,yes,Intel BE200-class or documented Key E alternate,VERIFY_AT_PURCHASE,VERIFY_AT_PURCHASE,VERIFY_AT_PURCHASE,NOT_PURCHASED
RP0A-WIFI-002,wifi,VERIFY_AT_PURCHASE,M.2 Wi-Fi antenna cable kit (bench),VERIFY_AT_PURCHASE,VERIFY_AT_PURCHASE,1,Bench RF antennas for Wi-Fi/BT,required,yes,Development use only; not production antenna design,VERIFY_AT_PURCHASE,VERIFY_AT_PURCHASE,VERIFY_AT_PURCHASE,NOT_PURCHASED
RP0A-CELL-001,cellular_optional,Telit Cinterion,FN990B40W01T010300,Rutronik (live); DigiKey/Mouser VERIFY_AT_PURCHASE,https://www.rutronik24.com/product/telit/fn990b40w01t010300/24844173.html,1,Optional 5G Sub-6 M.2 module,optional,yes,Quectel RM520N-GL approved alternate; document delta,VERIFY_AT_PURCHASE,VERIFY_AT_PURCHASE,VERIFY_AT_PURCHASE,NOT_PURCHASED
RP0A-CELL-002,cellular_optional,Telit Cinterion,FN990 EVB/test board (VERIFY public PN),Telit / authorized,https://www.telit.com/devices/fn990b40/,1,Module evaluation if M.2 slot path insufficient,optional,yes,Official Telit FN990 evaluation path,VERIFY_AT_PURCHASE,VERIFY_AT_PURCHASE,VERIFY_AT_PURCHASE,NOT_PURCHASED
RP0A-CELL-003,cellular_optional,VERIFY_AT_PURCHASE,Development cellular antenna kit,VERIFY_AT_PURCHASE,VERIFY_AT_PURCHASE,1,Development antennas only,optional,yes,PRODUCT_CELLULAR_ANTENNA_DESIGN_PENDING=true — not production validation,VERIFY_AT_PURCHASE,VERIFY_AT_PURCHASE,VERIFY_AT_PURCHASE,NOT_PURCHASED
RP0A-RING-001,rings,Nordic Semiconductor,nRF54L15-DK (PCA10156),Nordic / DigiKey VERIFY_AT_PURCHASE,https://www.nordicsemi.com/Products/Development-hardware/nRF54L15-DK,1,Ring EVT electrical / firmware platform (QFN48),required,no,Must be official PCA10156 DK,VERIFY_AT_PURCHASE,VERIFY_AT_PURCHASE,VERIFY_AT_PURCHASE,NOT_PURCHASED
RP0A-RING-002,rings,VERIFY_AT_PURCHASE,IMU breakout (BMI270-class or documented alt),VERIFY_AT_PURCHASE,VERIFY_AT_PURCHASE,1,IMU bring-up with DK,required,yes,I2C/SPI IMU with published datasheet,VERIFY_AT_PURCHASE,VERIFY_AT_PURCHASE,VERIFY_AT_PURCHASE,NOT_PURCHASED
RP0A-RING-003,rings,VERIFY_AT_PURCHASE,Capacitive/touch sensing eval hardware,VERIFY_AT_PURCHASE,VERIFY_AT_PURCHASE,1,Touch/contact sensing prototype,required,yes,Compatible with nRF54L15 GPIO/peripherals,VERIFY_AT_PURCHASE,VERIFY_AT_PURCHASE,VERIFY_AT_PURCHASE,NOT_PURCHASED
RP0A-RING-004,rings,VERIFY_AT_PURCHASE,LRA + driver evaluation kit,VERIFY_AT_PURCHASE,VERIFY_AT_PURCHASE,1,Haptics evaluation,optional,yes,Document driver IC and drive voltage,VERIFY_AT_PURCHASE,VERIFY_AT_PURCHASE,VERIFY_AT_PURCHASE,NOT_PURCHASED
RP0A-RING-005,rings,VERIFY_AT_PURCHASE,Programmable PSU / power measurement accessory,VERIFY_AT_PURCHASE,VERIFY_AT_PURCHASE,1,Ring power characterization,required,yes,mA-resolution current measurement preferred,VERIFY_AT_PURCHASE,VERIFY_AT_PURCHASE,VERIFY_AT_PURCHASE,NOT_PURCHASED
RP0A-RING-006,rings,VERIFY_AT_PURCHASE,Magnetic contact charging prototype components,VERIFY_AT_PURCHASE,VERIFY_AT_PURCHASE,1,Magnetic cradle charge prototype,required,yes,Pogo/magnetic contacts; not inductive experiment mix,VERIFY_AT_PURCHASE,VERIFY_AT_PURCHASE,VERIFY_AT_PURCHASE,NOT_PURCHASED
RP0A-DOCK-001,dock,VERIFY_AT_PURCHASE,COTS USB4/TB4 dock (40 Gb/s class preferred),VERIFY_AT_PURCHASE,VERIFY_AT_PURCHASE,1,Behavioral USB4/display/Ethernet/USB validation,required,yes,Must expose USB4 uplink + display + Ethernet + USB; document VID/PID,VERIFY_AT_PURCHASE,VERIFY_AT_PURCHASE,VERIFY_AT_PURCHASE,NOT_PURCHASED
RP0A-DOCK-002,dock,VERIFY_AT_PURCHASE,Certified USB4 cable(s),VERIFY_AT_PURCHASE,VERIFY_AT_PURCHASE,2,USB4 link integrity,required,yes,USB4-certified cable markings,VERIFY_AT_PURCHASE,VERIFY_AT_PURCHASE,VERIFY_AT_PURCHASE,NOT_PURCHASED
RP0A-DOCK-003,dock,VERIFY_AT_PURCHASE,USB-C PD EPR-capable supply,VERIFY_AT_PURCHASE,VERIFY_AT_PURCHASE,1,PD power policy tests,required,yes,PD certified; document wattage,VERIFY_AT_PURCHASE,VERIFY_AT_PURCHASE,VERIFY_AT_PURCHASE,NOT_PURCHASED
RP0A-DOCK-004,dock,VERIFY_AT_PURCHASE,2.5 GbE endpoint (or 1G with PARTIAL note),VERIFY_AT_PURCHASE,VERIFY_AT_PURCHASE,1,Dock Ethernet validation,required,yes,Prefer 2.5G NIC; if 1G only mark PARTIAL,VERIFY_AT_PURCHASE,VERIFY_AT_PURCHASE,VERIFY_AT_PURCHASE,NOT_PURCHASED
RP0A-DOCK-005,dock,VERIFY_AT_PURCHASE,External display endpoint(s),VERIFY_AT_PURCHASE,VERIFY_AT_PURCHASE,2,Dock + DDI dual-display tests,required,yes,DP and/or HDMI panels/monitors,VERIFY_AT_PURCHASE,VERIFY_AT_PURCHASE,VERIFY_AT_PURCHASE,NOT_PURCHASED
RP0A-LAB-001,lab_debug,VERIFY_AT_PURCHASE,USB power meter,VERIFY_AT_PURCHASE,VERIFY_AT_PURCHASE,1,USB-C power measurement,required,yes,Measures V/I on USB-C,VERIFY_AT_PURCHASE,VERIFY_AT_PURCHASE,VERIFY_AT_PURCHASE,NOT_PURCHASED
RP0A-LAB-002,lab_debug,VERIFY_AT_PURCHASE,Bench PSU,VERIFY_AT_PURCHASE,VERIFY_AT_PURCHASE,1,Controlled power bring-up,required,yes,Adjustable CC/CV preferred,VERIFY_AT_PURCHASE,VERIFY_AT_PURCHASE,VERIFY_AT_PURCHASE,NOT_PURCHASED
RP0A-LAB-003,lab_debug,VERIFY_AT_PURCHASE,Logic analyzer,VERIFY_AT_PURCHASE,VERIFY_AT_PURCHASE,1,I2C/SPI/UART debug,optional,yes,>=8 channels preferred,VERIFY_AT_PURCHASE,VERIFY_AT_PURCHASE,VERIFY_AT_PURCHASE,NOT_PURCHASED
RP0A-LAB-004,lab_debug,VERIFY_AT_PURCHASE,USB-UART adapter,VERIFY_AT_PURCHASE,VERIFY_AT_PURCHASE,1,Serial console,required,yes,3.3V UART,VERIFY_AT_PURCHASE,VERIFY_AT_PURCHASE,VERIFY_AT_PURCHASE,NOT_PURCHASED
RP0A-LAB-005,lab_debug,SEGGER / Nordic OB,SWD/J-Link (if not included on DK),VERIFY_AT_PURCHASE,VERIFY_AT_PURCHASE,1,MCU debug (DK includes OB J-Link),optional,yes,Not required if using PCA10156 OB debugger,VERIFY_AT_PURCHASE,VERIFY_AT_PURCHASE,VERIFY_AT_PURCHASE,NOT_PURCHASED
RP0A-LAB-006,lab_debug,VERIFY_AT_PURCHASE,Thermal probes,VERIFY_AT_PURCHASE,VERIFY_AT_PURCHASE,1,Skin/module thermal measurement,required,yes,Thermocouple or calibrated IR,VERIFY_AT_PURCHASE,VERIFY_AT_PURCHASE,VERIFY_AT_PURCHASE,NOT_PURCHASED
RP0A-LAB-007,lab_debug,VERIFY_AT_PURCHASE,Current measurement shunt/ammeter,VERIFY_AT_PURCHASE,VERIFY_AT_PURCHASE,1,Idle/compile/AI/game power,required,yes,Adequate range for module + dock loads,VERIFY_AT_PURCHASE,VERIFY_AT_PURCHASE,VERIFY_AT_PURCHASE,NOT_PURCHASED
RP0A-LAB-008,lab_debug,VERIFY_AT_PURCHASE,ESD-safe mat/strap accessories,VERIFY_AT_PURCHASE,VERIFY_AT_PURCHASE,1,ESD-safe bench practice,required,yes,Standard ESD workstation kit,VERIFY_AT_PURCHASE,VERIFY_AT_PURCHASE,VERIFY_AT_PURCHASE,NOT_PURCHASED
