pin,signal,soc,group,funcs,evidence,source
1,GND,-,GND,,PUBLIC_PINOUT,radxa_nx5_260_pinout_v1100.xlsx
2,GND,-,GND,,PUBLIC_PINOUT,radxa_nx5_260_pinout_v1100.xlsx
3,MIPI_CSI0_RX_D0N,AL41,CAMERA,MIPI_CSI0_D0N,PUBLIC_PINOUT,radxa_nx5_260_pinout_v1100.xlsx
4,MIPI_CSI0_RX_D2N,AT42,CAMERA,MIPI_CSI0_D2N,PUBLIC_PINOUT,radxa_nx5_260_pinout_v1100.xlsx
5,MIPI_CSI0_RX_D0P,AL42,CAMERA,MIPI_CSI0_D0P,PUBLIC_PINOUT,radxa_nx5_260_pinout_v1100.xlsx
6,MIPI_CSI0_RX_D2P,AT41,CAMERA,MIPI_CSI0_D2P,PUBLIC_PINOUT,radxa_nx5_260_pinout_v1100.xlsx
7,GND,-,GND,,PUBLIC_PINOUT,radxa_nx5_260_pinout_v1100.xlsx
8,GND,-,GND,,PUBLIC_PINOUT,radxa_nx5_260_pinout_v1100.xlsx
9,MIPI_CSI0_RX_CLK0N,AN41,CAMERA,MIPI_CSI0_CLK0N,PUBLIC_PINOUT,radxa_nx5_260_pinout_v1100.xlsx
10,MIPI_CSI0_RX_CLK1N,AU42,CAMERA,MIPI_CSI0_CLK1N,PUBLIC_PINOUT,radxa_nx5_260_pinout_v1100.xlsx
11,MIPI_CSI0_RX_CLK0P,AN42,CAMERA,MIPI_CSI0_CLK0P,PUBLIC_PINOUT,radxa_nx5_260_pinout_v1100.xlsx
12,MIPI_CSI0_RX_CLK1P,AU41,CAMERA,MIPI_CSI0_CLK1P,PUBLIC_PINOUT,radxa_nx5_260_pinout_v1100.xlsx
13,GND,-,GND,,PUBLIC_PINOUT,radxa_nx5_260_pinout_v1100.xlsx
14,GND,-,GND,,PUBLIC_PINOUT,radxa_nx5_260_pinout_v1100.xlsx
15,MIPI_CSI0_RX_D1N,AK42,CAMERA,MIPI_CSI0_D1N,PUBLIC_PINOUT,radxa_nx5_260_pinout_v1100.xlsx
16,MIPI_CSI0_RX_D3N,AP41,CAMERA,MIPI_CSI0_D3N,PUBLIC_PINOUT,radxa_nx5_260_pinout_v1100.xlsx
17,MIPI_CSI0_RX_D1P,AK41,CAMERA,MIPI_CSI0_D1P,PUBLIC_PINOUT,radxa_nx5_260_pinout_v1100.xlsx
18,MIPI_CSI0_RX_D3P,AP42,CAMERA,MIPI_CSI0_D3P,PUBLIC_PINOUT,radxa_nx5_260_pinout_v1100.xlsx
19,GND,-,GND,,PUBLIC_PINOUT,radxa_nx5_260_pinout_v1100.xlsx
20,GND,-,GND,,PUBLIC_PINOUT,radxa_nx5_260_pinout_v1100.xlsx
21,NC,-,NC,,PUBLIC_PINOUT,radxa_nx5_260_pinout_v1100.xlsx
22,MIPI_DPHY0_RX_D0N,BB38,OTHER,MIPI_DPHY0_RX_D0N|MIPI_CPHY0_RX_TRIO0_A,PUBLIC_PINOUT,radxa_nx5_260_pinout_v1100.xlsx
23,NC,-,NC,,PUBLIC_PINOUT,radxa_nx5_260_pinout_v1100.xlsx
24,MIPI_DPHY0_RX_D0P,BA38,OTHER,MIPI_DPHY0_RX_D0P|MIPI_CPHY0_RX_TRIO0_B,PUBLIC_PINOUT,radxa_nx5_260_pinout_v1100.xlsx
25,GND,-,GND,,PUBLIC_PINOUT,radxa_nx5_260_pinout_v1100.xlsx
26,GND,-,GND,,PUBLIC_PINOUT,radxa_nx5_260_pinout_v1100.xlsx
27,NC,-,NC,,PUBLIC_PINOUT,radxa_nx5_260_pinout_v1100.xlsx
28,MIPI_DPHY0_RX_CLKN,BA41,CLOCK,MIPI_DPHY0_RX_CLKN|MIPI_CPHY0_RX_TRIO1_B,PUBLIC_PINOUT,radxa_nx5_260_pinout_v1100.xlsx
29,NC,-,NC,,PUBLIC_PINOUT,radxa_nx5_260_pinout_v1100.xlsx
30,MIPI_DPHY0_RX_CLKP,BB41,CLOCK,MIPI_DPHY0_RX_CLKP|MIPI_CPHY0_RX_TRIO1_C,PUBLIC_PINOUT,radxa_nx5_260_pinout_v1100.xlsx
31,GND,-,GND,,PUBLIC_PINOUT,radxa_nx5_260_pinout_v1100.xlsx
32,GND,-,GND,,PUBLIC_PINOUT,radxa_nx5_260_pinout_v1100.xlsx
33,NC,-,NC,,PUBLIC_PINOUT,radxa_nx5_260_pinout_v1100.xlsx
34,MIPI_DPHY0_RX_D1N,AY40,OTHER,MIPI_DPHY0_RX_D1N|MIPI_CPHY0_RX_TRIO0_C,PUBLIC_PINOUT,radxa_nx5_260_pinout_v1100.xlsx
35,NC,,NC,,PUBLIC_PINOUT,radxa_nx5_260_pinout_v1100.xlsx
36,MIPI_DPHY0_RX_D1P,BA40,OTHER,MIPI_DPHY0_RX_D1P|MIPI_CPHY0_RX_TRIO1_A,PUBLIC_PINOUT,radxa_nx5_260_pinout_v1100.xlsx
37,GND,-,GND,,PUBLIC_PINOUT,radxa_nx5_260_pinout_v1100.xlsx
38,GND,-,GND,,PUBLIC_PINOUT,radxa_nx5_260_pinout_v1100.xlsx
39,TYPEC0_SSTX1N,BA11,USB,TYPEC0_SSTX1N|DP0_TX1N,PUBLIC_PINOUT,radxa_nx5_260_pinout_v1100.xlsx
40,MIPI_DPHY1_RX_D2N,BA28,OTHER,MIPI_DPHY1_RX_D2N|MIPI_CPHY1_RX_TRIO2_A,PUBLIC_PINOUT,radxa_nx5_260_pinout_v1100.xlsx
41,TYPEC0_SSTX1P,BB11,USB,TYPEC0_SSTX1P|DP0_TX1P,PUBLIC_PINOUT,radxa_nx5_260_pinout_v1100.xlsx
42,MIPI_DPHY1_RX_D2P,BB28,OTHER,MIPI_DPHY1_RX_D2P|MIPI_CPHY1_RX_TRIO2_B,PUBLIC_PINOUT,radxa_nx5_260_pinout_v1100.xlsx
43,GND,-,GND,,PUBLIC_PINOUT,radxa_nx5_260_pinout_v1100.xlsx
44,GND,-,GND,,PUBLIC_PINOUT,radxa_nx5_260_pinout_v1100.xlsx
45,TYPEC0_SSRX1N,BA10,USB,TYPEC0_SSRX1N|DP0_TX0N,PUBLIC_PINOUT,radxa_nx5_260_pinout_v1100.xlsx
46,MIPI_DPHY1_RX_D0N,BB23,OTHER,MIPI_DPHY1_RX_D0N|MIPI_CPHY1_RX_TRIO0_A,PUBLIC_PINOUT,radxa_nx5_260_pinout_v1100.xlsx
47,TYPEC0_SSRX1P,,USB,TYPEC0_SSRX1P|DP0_TX0P,PUBLIC_PINOUT,radxa_nx5_260_pinout_v1100.xlsx
48,MIPI_DPHY1_RX_D0P,BA23,OTHER,MIPI_DPHY1_RX_D0P|MIPI_CPHY1_RX_TRIO0_B,PUBLIC_PINOUT,radxa_nx5_260_pinout_v1100.xlsx
49,GND,-,GND,,PUBLIC_PINOUT,radxa_nx5_260_pinout_v1100.xlsx
50,GND,-,GND,,PUBLIC_PINOUT,radxa_nx5_260_pinout_v1100.xlsx
51,NC,-,NC,,PUBLIC_PINOUT,radxa_nx5_260_pinout_v1100.xlsx
52,MIPI_CPHY1_RX_TRIO1_B,BB26,OTHER,MIPI_DPHY1_RX_CLKN|MIPI_CPHY1_RX_TRIO1_B,PUBLIC_PINOUT,radxa_nx5_260_pinout_v1100.xlsx
53,NC,-,NC,,PUBLIC_PINOUT,radxa_nx5_260_pinout_v1100.xlsx
54,MIPI_DPHY1_RX_CLKP,BA26,CLOCK,MIPI_DPHY1_RX_CLKP|MIPI_CPHY1_RX_TRIO1_C,PUBLIC_PINOUT,radxa_nx5_260_pinout_v1100.xlsx
55,GND,-,GND,,PUBLIC_PINOUT,radxa_nx5_260_pinout_v1100.xlsx
56,GND,-,GND,,PUBLIC_PINOUT,radxa_nx5_260_pinout_v1100.xlsx
57,NC,-,NC,,PUBLIC_PINOUT,radxa_nx5_260_pinout_v1100.xlsx
58,MIPI_DPHY1_RX_D1N,BA25,OTHER,MIPI_DPHY1_RX_D1N|MIPI_CPHY1_RX_TRIO0_C,PUBLIC_PINOUT,radxa_nx5_260_pinout_v1100.xlsx
59,NC,-,NC,,PUBLIC_PINOUT,radxa_nx5_260_pinout_v1100.xlsx
60,MIPI_DPHY1_RX_D1P,BB25,OTHER,MIPI_DPHY1_RX_D1P|MIPI_CPHY1_RX_TRIO1_A,PUBLIC_PINOUT,radxa_nx5_260_pinout_v1100.xlsx
61,GND,-,GND,,PUBLIC_PINOUT,radxa_nx5_260_pinout_v1100.xlsx
62,GND,-,GND,,PUBLIC_PINOUT,radxa_nx5_260_pinout_v1100.xlsx
63,HDMI0_TX2N,BA7,DISPLAY_HDMI_EDP,HDMI_TX0_D2N|EDP_TX0_D2N,PUBLIC_PINOUT,radxa_nx5_260_pinout_v1100.xlsx
64,MIPI_DPHY1_RX_D3N,BB29,OTHER,MIPI_DPHY1_RX_D3N|MIPI_CPHY1_RX_TRIO2_C,PUBLIC_PINOUT,radxa_nx5_260_pinout_v1100.xlsx
65,HDMI0_TX2P,BB7,DISPLAY_HDMI_EDP,HDMI_TX0_D2P|EDP_TX0_D2P,PUBLIC_PINOUT,radxa_nx5_260_pinout_v1100.xlsx
66,MIPI_DPHY1_RX_D3P,BA29,OTHER,MIPI_DPHY1_RX_D3P|NO_USE,PUBLIC_PINOUT,radxa_nx5_260_pinout_v1100.xlsx
67,GND,-,GND,,PUBLIC_PINOUT,radxa_nx5_260_pinout_v1100.xlsx
68,GND,-,GND,,PUBLIC_PINOUT,radxa_nx5_260_pinout_v1100.xlsx
69,HDMI0_TX1N,BB5,DISPLAY_HDMI_EDP,HDMI_TX0_D1N|EDP_TX0_D1N,PUBLIC_PINOUT,radxa_nx5_260_pinout_v1100.xlsx
70,MIPI_DPHY0_TX_D0N,BA31,DISPLAY_MIPI_DSI,MIPI_DPHY0_TX_D0N|MIPI_CPHY0_TX_TRIO0_A,PUBLIC_PINOUT,radxa_nx5_260_pinout_v1100.xlsx
71,HDMI0_TX1P,BA5,DISPLAY_HDMI_EDP,HDMI_TX0_D1P|EDP_TX0_D1P,PUBLIC_PINOUT,radxa_nx5_260_pinout_v1100.xlsx
72,MIPI_DPHY0_TX_D0P,BB31,DISPLAY_MIPI_DSI,MIPI_DPHY0_TX_D0P|MIPI_CPHY0_TX_TRIO0_B,PUBLIC_PINOUT,radxa_nx5_260_pinout_v1100.xlsx
73,GND,-,GND,,PUBLIC_PINOUT,radxa_nx5_260_pinout_v1100.xlsx
74,GND,-,GND,,PUBLIC_PINOUT,radxa_nx5_260_pinout_v1100.xlsx
75,HDMI0_TX0N,BA4,DISPLAY_HDMI_EDP,HDMI_TX0_D0N|EDP_TX0_D0N,PUBLIC_PINOUT,radxa_nx5_260_pinout_v1100.xlsx
76,MIPI_DPHY0_TX_CLKN,BA34,DISPLAY_MIPI_DSI,MIPI_DPHY0_TX_CLKN|MIPI_CPHY0_TX_TRIO1_B,PUBLIC_PINOUT,radxa_nx5_260_pinout_v1100.xlsx
77,HDMI0_TX0P,BB4,DISPLAY_HDMI_EDP,HDMI_TX0_D0P|EDP_TX0_D0P,PUBLIC_PINOUT,radxa_nx5_260_pinout_v1100.xlsx
78,MIPI_DPHY0_TX_CLKP,BB34,DISPLAY_MIPI_DSI,MIPI_DPHY0_TX_CLKP|MIPI_CPHY0_TX_TRIO1_C,PUBLIC_PINOUT,radxa_nx5_260_pinout_v1100.xlsx
79,GND,-,GND,,PUBLIC_PINOUT,radxa_nx5_260_pinout_v1100.xlsx
80,GND,-,GND,,PUBLIC_PINOUT,radxa_nx5_260_pinout_v1100.xlsx
81,HDMI0_TX3N,BB2,DISPLAY_HDMI_EDP,HDMI_TX0_D3N|EDP_TX0_D3N,PUBLIC_PINOUT,radxa_nx5_260_pinout_v1100.xlsx
82,MIPI_DPHY0_TX_D1N,BB32,DISPLAY_MIPI_DSI,MIPI_DPHY0_TX_D1N|MIPI_CPHY0_TX_TRIO0_C,PUBLIC_PINOUT,radxa_nx5_260_pinout_v1100.xlsx
83,HDMI0_TX3P,BA2,DISPLAY_HDMI_EDP,HDMI_TX0_D3P|EDP_TX0_D3P,PUBLIC_PINOUT,radxa_nx5_260_pinout_v1100.xlsx
84,MIPI_DPHY0_TX_D1P,BA32,DISPLAY_MIPI_DSI,MIPI_DPHY0_TX_D1P|MIPI_CPHY0_TX_TRIO1_A,PUBLIC_PINOUT,radxa_nx5_260_pinout_v1100.xlsx
85,GND,-,GND,,PUBLIC_PINOUT,radxa_nx5_260_pinout_v1100.xlsx
86,GND,-,GND,,PUBLIC_PINOUT,radxa_nx5_260_pinout_v1100.xlsx
87,VBUSDET,AV10,OTHER,TYPEC0_USB20_VBUSDET,PUBLIC_PINOUT,radxa_nx5_260_pinout_v1100.xlsx
88,SDMMC_PWREN,AV27,STORAGE_SDMMC,CIF_CLKOUT|BT1120_D10|I2S1_SDO3_M0|DP0_HPDIN_M0|SPDIF0_TX_M1|UART9_TX_M1|PWM11_IR_M1|GPIO4_B4_u,PUBLIC_PINOUT,radxa_nx5_260_pinout_v1100.xlsx
89,MIPI_CAM1_RST_L,M38,CAMERA,PDM1_SDI3_M1|UART4_RX_M2|SPI0_MOSI_M2|GPIO1_B2_d,PUBLIC_PINOUT,radxa_nx5_260_pinout_v1100.xlsx
90,TYPEC0_SBU2,BB8,USB,TYPEC0_SBU2|DP0_AUXN,PUBLIC_PINOUT,radxa_nx5_260_pinout_v1100.xlsx
91,MIPI_CAM2_RST_L,M37,CAMERA,PDM1_CLK1_M1|SATA0_ACT_LED_M1|UART4_TX_M2|SPI0_CLK_M2|GPIO1_B3_d,PUBLIC_PINOUT,radxa_nx5_260_pinout_v1100.xlsx
92,TYPEC0_SBU1,BA8,USB,TYPEC0_SBU1|DP0_AUXP,PUBLIC_PINOUT,radxa_nx5_260_pinout_v1100.xlsx
93,MIPI_CAM2_PWREN_H,G39,CAMERA,PDM1_SDI2_M1|SPI0_MISO_M2|GPIO1_B1_d,PUBLIC_PINOUT,radxa_nx5_260_pinout_v1100.xlsx
94,HDMI_TX0_CEC_M0,AY26,DISPLAY_HDMI_EDP,BT1120_D15|SPDIF1_TX_M2|PCIE20X1_2_PERSTN_M1|HDMI_TX0_CEC_M0|I2C8_SDA_M3|PWM6_M1|SPI3_CS1_M1|GPIO4_C1_d,PUBLIC_PINOUT,radxa_nx5_260_pinout_v1100.xlsx
95,TP_RST_L,M39,OTHER,PDM1_CLK0_M1|UART7_RX_M2|SPI0_CS0_M2|GPIO1_B4_u,PUBLIC_PINOUT,radxa_nx5_260_pinout_v1100.xlsx
96,HDMI_TX0_HPD_M0,M40,DISPLAY_HDMI_EDP,HDMI_TX0_HPD_M0|SPI2_MOSI_M0|GPIO1_A5_d,PUBLIC_PINOUT,radxa_nx5_260_pinout_v1100.xlsx
97,TP_INT_L,D40,OTHER,UART7_TX_M2|SPI0_CS1_M2|GPIO1_B5_u,PUBLIC_PINOUT,radxa_nx5_260_pinout_v1100.xlsx
98,HDMI-SDA,AW23,OTHER,BT1120_D14|PCIE20X1_2_WAKEN_M1|HDMI_TX0_SDA_M0|I2C8_SCL_M3|SPI3_CS0_M1|GPIO4_C0_u,PUBLIC_PINOUT,radxa_nx5_260_pinout_v1100.xlsx
99,I2C5_SCL_M3_CAM,L38,I2C,MIPI_CAMERA1_CLK_M0|SPDIF0_TX_M0|I2C5_SCL_M3|UART1_TX_M1|GPIO1_B6_u,PUBLIC_PINOUT,radxa_nx5_260_pinout_v1100.xlsx
100,HDMI-SCL,AV22,OTHER,BT1120_D13|PCIE20X1_2_CLKREQN_M1|HDMI_TX0_SCL_M0|I2C5_SDA_M1|SPI3_CLK_M1|GPIO4_B7_u,PUBLIC_PINOUT,radxa_nx5_260_pinout_v1100.xlsx
101,I2C5_SDA_M3_CAM,F37,I2C,MIPI_CAMERA2_CLK_M0|SPDIF1_TX_M0|SATA2_ACT_LED_M1|I2C5_SDA_M3|UART1_RX_M1|PWM13_M2|GPIO1_B7_u,PUBLIC_PINOUT,radxa_nx5_260_pinout_v1100.xlsx
102,GND,-,GND,,PUBLIC_PINOUT,radxa_nx5_260_pinout_v1100.xlsx
103,I2C8_SCL_M2_CAM,L37,I2C,MIPI_CAMERA3_CLK_M0|I2C8_SCL_M2|UART1_RTSN_M1|PWM14_M2|GPIO1_D6_u,PUBLIC_PINOUT,radxa_nx5_260_pinout_v1100.xlsx
104,I2C7_SDA_M0_CODEC,U38,I2C,I2S0_SDO2|I2S0_SDI3|PDM0_SDI1_M0|I2C7_SDA_M0|UART6_RX_M2|SPI1_MOSI_M2|GPIO1_D1_d,PUBLIC_PINOUT,radxa_nx5_260_pinout_v1100.xlsx
105,I2C8_SDA_M2_CAM,G38,I2C,MIPI_CAMERA4_CLK_M0|I2C8_SDA_M2|UART1_CTSN_M1|PWM15_IR_M3|GPIO1_D7_u,PUBLIC_PINOUT,radxa_nx5_260_pinout_v1100.xlsx
106,PDM0_SDI2_M0,P40,AUDIO,I2S0_SDO3|I2S0_SDI2|PDM0_SDI2_M0|I2C1_SCL_M4|UART4_TX_M0|PWM0_M1|SPI1_CLK_M2|GPIO1_D2_d,PUBLIC_PINOUT,radxa_nx5_260_pinout_v1100.xlsx
107,GND,-,GND,,PUBLIC_PINOUT,radxa_nx5_260_pinout_v1100.xlsx
108,I2C7_SCL_M0_CODEC,U37,I2C,I2S0_SDO1|I2C7_SCL_M0|UART6_TX_M2|SPI1_MISO_M2|GPIO1_D0_d,PUBLIC_PINOUT,radxa_nx5_260_pinout_v1100.xlsx
109,USB20_HOST0_DM,AV6,USB,USB20_HOST0_DM,PUBLIC_PINOUT,radxa_nx5_260_pinout_v1100.xlsx
110,GSENSOR_INT_L,R39,OTHER,I2S0_SDI1|PDM0_SDI3_M0|I2C1_SDA_M4|UART4_RX_M0|PWM1_M1|SPI1_CS0_M2|GPIO1_D3_d,PUBLIC_PINOUT,radxa_nx5_260_pinout_v1100.xlsx
111,USB20_HOST0_DP,AW6,USB,USB20_HOST0_DP,PUBLIC_PINOUT,radxa_nx5_260_pinout_v1100.xlsx
112,PDM0_SDI0,P38,AUDIO,PDM0_SDI0_M0|SPI1_CS1_M2|GPIO1_D5_d,PUBLIC_PINOUT,radxa_nx5_260_pinout_v1100.xlsx
113,GND,-,GND,,PUBLIC_PINOUT,radxa_nx5_260_pinout_v1100.xlsx
114,MIPI_CAM1_PDN_L,D39,CAMERA,SPI2_CLK_M0|GPIO1_A6_d,PUBLIC_PINOUT,radxa_nx5_260_pinout_v1100.xlsx
115,TYPEC0_OTG_DM,AY10,USB,TYPEC0_USB20_OTG_DM,PUBLIC_PINOUT,radxa_nx5_260_pinout_v1100.xlsx
116,I2C6_SCL_M3,AU22,I2C,MIPI_CAMERA0_CLK_M0|SPDIF1_TX_M1|I2S1_SDO0_M0|SATA2_ACT_LED_M0|I2C6_SCL_M3|UART8_RX_M0|SPI0_CS1_M1|GPIO4_B1_u,PUBLIC_PINOUT,radxa_nx5_260_pinout_v1100.xlsx
117,TYPEC0_OTG_DP,AY11,USB,TYPEC0_USB20_OTG_DP,PUBLIC_PINOUT,radxa_nx5_260_pinout_v1100.xlsx
118,HDMI0_TX_ON_H,AW22,DISPLAY_HDMI_EDP,BT1120_D12|SATA0_ACT_LED_M0|I2C5_SCL_M1|PWM13_M1|SPI3_MOSI_M1|GPIO4_B6_d,PUBLIC_PINOUT,radxa_nx5_260_pinout_v1100.xlsx
119,GND,-,GND,,PUBLIC_PINOUT,radxa_nx5_260_pinout_v1100.xlsx
120,MIPI_CAM2_PDN_L,H38,CAMERA,PDM1_SDI0_M1|PCIE20X1_1_PERSTN_M2|PWM3_IR_M3|SPI2_CS0_M0|GPIO1_A7_u,PUBLIC_PINOUT,radxa_nx5_260_pinout_v1100.xlsx
121,USB20_HOST1_DM,AW7,USB,USB20_HOST1_DM,PUBLIC_PINOUT,radxa_nx5_260_pinout_v1100.xlsx
122,NC,-,NC,,PUBLIC_PINOUT,radxa_nx5_260_pinout_v1100.xlsx
123,USB20_HOST1_DP,AV7,USB,USB20_HOST1_DP,PUBLIC_PINOUT,radxa_nx5_260_pinout_v1100.xlsx
124,MIPI_CAM1_PWREN_H,G37,CAMERA,SPI2_MISO_M0|GPIO1_A4_d,PUBLIC_PINOUT,radxa_nx5_260_pinout_v1100.xlsx
125,GND,-,GND,,PUBLIC_PINOUT,radxa_nx5_260_pinout_v1100.xlsx
126,LCD_RESET_L,H39,DISPLAY_CTRL,PDM1_SDI1_M1|SPI2_CS1_M0|GPIO1_B0_u,PUBLIC_PINOUT,radxa_nx5_260_pinout_v1100.xlsx
127,PHONE_CTL,AW19,OTHER,CIF_D4|BT1120_D4|I2S1_LRCK_RX_M0|I2C3_SCL_M2|UART0_RX_M2|SPI2_MISO_M1|GPIO4_A4_d,PUBLIC_PINOUT,radxa_nx5_260_pinout_v1100.xlsx
128,BQ_OTG_EN_H,AV18,OTHER,CIF_D6|BT1120_D6|I2S1_SDI1_M0|I2C5_SCL_M2|UART3_RX_M2|SPI2_CLK_M1|GPIO4_A6_d,PUBLIC_PINOUT,radxa_nx5_260_pinout_v1100.xlsx
129,GND,-,GND,,PUBLIC_PINOUT,radxa_nx5_260_pinout_v1100.xlsx
130,RK803_EN1_FLOOD,AW26,OTHER,CIF_D7|BT1120_D7|I2S1_SDI2_M0|I2C5_SDA_M2|SPI2_CS0_M1|GPIO4_A7_d,PUBLIC_PINOUT,radxa_nx5_260_pinout_v1100.xlsx
131,PCIE20_0_RXN,J41,PCIE,PCIE20_0_RXN|SATA30_0_RXN,PUBLIC_PINOUT,radxa_nx5_260_pinout_v1100.xlsx
132,GND,-,GND,,PUBLIC_PINOUT,radxa_nx5_260_pinout_v1100.xlsx
133,PCIE20_0_RXP,J42,PCIE,PCIE20_0_RXP|SATA30_0_RXP,PUBLIC_PINOUT,radxa_nx5_260_pinout_v1100.xlsx
134,PCIE20_0_TXN,H42,PCIE,PCIE20_0_TXN|SATA30_0_TXN,PUBLIC_PINOUT,radxa_nx5_260_pinout_v1100.xlsx
135,GND,-,GND,,PUBLIC_PINOUT,radxa_nx5_260_pinout_v1100.xlsx
136,PCIE20_0_TXP,H41,PCIE,PCIE20_0_TXP|SATA30_0_TXP,PUBLIC_PINOUT,radxa_nx5_260_pinout_v1100.xlsx
137,NC,-,NC,,PUBLIC_PINOUT,radxa_nx5_260_pinout_v1100.xlsx
138,GND,-,GND,,PUBLIC_PINOUT,radxa_nx5_260_pinout_v1100.xlsx
139,NC,-,NC,,PUBLIC_PINOUT,radxa_nx5_260_pinout_v1100.xlsx
140,NC,-,NC,,PUBLIC_PINOUT,radxa_nx5_260_pinout_v1100.xlsx
141,GND,-,GND,,PUBLIC_PINOUT,radxa_nx5_260_pinout_v1100.xlsx
142,NC,-,NC,,PUBLIC_PINOUT,radxa_nx5_260_pinout_v1100.xlsx
143,BT_REG_ON_H,AL39,WIFI_BT_CTRL,I2S1_SDO2_M1|PDM0_SDI2_M1|PWM3_IR_M0|I2C1_SCL_M2|CAN2_RX_M1|HDMI_TX0_SDA_M1|SPI3_CS0_M2|SATA_CPDET,PUBLIC_PINOUT,radxa_nx5_260_pinout_v1100.xlsx
144,GND,-,GND,,PUBLIC_PINOUT,radxa_nx5_260_pinout_v1100.xlsx
145,CHRG_OK_H,AM39,OTHER,I2S1_SDO3_M1|CPU_BIG1_AVS|I2C1_SDA_M2|CAN2_TX_M1|HDMI_TX0_SCL_M1|SPI3_CS1_M2|SATA_MP_SWITCH|GPIO0_D5_u,PUBLIC_PINOUT,radxa_nx5_260_pinout_v1100.xlsx
146,GND,-,GND,,PUBLIC_PINOUT,radxa_nx5_260_pinout_v1100.xlsx
147,GND,-,GND,,PUBLIC_PINOUT,radxa_nx5_260_pinout_v1100.xlsx
148,NC,-,NC,,PUBLIC_PINOUT,radxa_nx5_260_pinout_v1100.xlsx
149,NC,-,NC,,PUBLIC_PINOUT,radxa_nx5_260_pinout_v1100.xlsx
150,NC,-,NC,,PUBLIC_PINOUT,radxa_nx5_260_pinout_v1100.xlsx
151,NC,-,NC,,PUBLIC_PINOUT,radxa_nx5_260_pinout_v1100.xlsx
152,GND,-,GND,,PUBLIC_PINOUT,radxa_nx5_260_pinout_v1100.xlsx
153,GND,-,GND,,PUBLIC_PINOUT,radxa_nx5_260_pinout_v1100.xlsx
154,NC,-,NC,,PUBLIC_PINOUT,radxa_nx5_260_pinout_v1100.xlsx
155,NC,-,NC,,PUBLIC_PINOUT,radxa_nx5_260_pinout_v1100.xlsx
156,NC,-,NC,,PUBLIC_PINOUT,radxa_nx5_260_pinout_v1100.xlsx
157,NC,-,NC,,PUBLIC_PINOUT,radxa_nx5_260_pinout_v1100.xlsx
158,GND,-,GND,,PUBLIC_PINOUT,radxa_nx5_260_pinout_v1100.xlsx
159,GND,-,GND,,PUBLIC_PINOUT,radxa_nx5_260_pinout_v1100.xlsx
160,PCIE20_0_REFCLKN,K41,PCIE,PCIE20_0_REFCLKN,PUBLIC_PINOUT,radxa_nx5_260_pinout_v1100.xlsx
161,TYPEC0_SSRX2N,BA13,USB,TYPEC0_SSRX2N|DP0_TX2N,PUBLIC_PINOUT,radxa_nx5_260_pinout_v1100.xlsx
162,PCIE20_0_REFCLKP,L42,PCIE,PCIE20_0_REFCLKP,PUBLIC_PINOUT,radxa_nx5_260_pinout_v1100.xlsx
163,TYPEC0_SSRX2P,BB13,USB,TYPEC0_SSRX2P|DP0_TX2P,PUBLIC_PINOUT,radxa_nx5_260_pinout_v1100.xlsx
164,GND,-,GND,,PUBLIC_PINOUT,radxa_nx5_260_pinout_v1100.xlsx
165,GND,-,GND,,PUBLIC_PINOUT,radxa_nx5_260_pinout_v1100.xlsx
166,TYPEC0_SSTX2N,BA14,USB,TYPEC0_SSTX2N|DP0_TX3N,PUBLIC_PINOUT,radxa_nx5_260_pinout_v1100.xlsx
167,USB30_2_SSRXN,C42,USB,PCIE20_2_RXN|SATA30_2_RXN|USB30_SSRXN,PUBLIC_PINOUT,radxa_nx5_260_pinout_v1100.xlsx
168,TYPEC0_SSTX2P,BB14,USB,TYPEC0_SSTX2P|DP0_TX3P,PUBLIC_PINOUT,radxa_nx5_260_pinout_v1100.xlsx
169,USB30_2_SSRXP,D42,USB,PCIE20_2_RXP|SATA30_2_RXP|USB30_SSRXP,PUBLIC_PINOUT,radxa_nx5_260_pinout_v1100.xlsx
170,GND,-,GND,,PUBLIC_PINOUT,radxa_nx5_260_pinout_v1100.xlsx
171,GND,-,GND,,PUBLIC_PINOUT,radxa_nx5_260_pinout_v1100.xlsx
172,USB30_2_SSTXN,D41,USB,PCIE20_2_TXN|SATA30_2_TXN|USB30_SSTXN,PUBLIC_PINOUT,radxa_nx5_260_pinout_v1100.xlsx
173,PCIE20_2_REFCLKN,F42,PCIE,PCIE20_2_REFCLKN,PUBLIC_PINOUT,radxa_nx5_260_pinout_v1100.xlsx
174,USB30_2_SSTXP,E41,USB,PCIE20_2_TXP|SATA30_2_TXP|USB30_SSTXP,PUBLIC_PINOUT,radxa_nx5_260_pinout_v1100.xlsx
175,PCIE20_2_REFCLKP,F41,PCIE,PCIE20_2_REFCLKP,PUBLIC_PINOUT,radxa_nx5_260_pinout_v1100.xlsx
176,GND,-,GND,,PUBLIC_PINOUT,radxa_nx5_260_pinout_v1100.xlsx
177,GND,-,GND,,PUBLIC_PINOUT,radxa_nx5_260_pinout_v1100.xlsx
178,I2C6_SDA_M3,AW27,I2C,CIF_CLKIN|BT1120_CLKOUT|I2S1_SDI3_M0|I2C6_SDA_M3|UART8_TX_M0|SPI2_CS1_M1|GPIO4_B0_d,PUBLIC_PINOUT,radxa_nx5_260_pinout_v1100.xlsx
179,PCIE20X1_2_WAKEN_M0/PWM8_M2,AW31,PCIE,CIF_D12|PCIE20X1_2_WAKEN_M0|HDMI_TX0_SDA_M2|I2C5_SDA_M0|UART4_RX_M1|PWM8_M2|SPI3_CLK_M3|GPIO3_D0_u,PUBLIC_PINOUT,radxa_nx5_260_pinout_v1100.xlsx
180,PCIE20X1_2_CLKREQN_M0,AU30,PCIE,CIF_D11|PCIE20X1_2_CLKREQN_M0|HDMI_TX0_SCL_M2|I2C5_SCL_M0|SPI3_MOSI_M3|GPIO3_C7_u,PUBLIC_PINOUT,radxa_nx5_260_pinout_v1100.xlsx
181,PCIE20X1_2_PERSTN_M0,AY27,PCIE,CIF_D13|PCIE20X1_2_PERSTN_M0|UART4_TX_M1|PWM9_M2|SPI0_MISO_M3|GPIO3_D1_d,PUBLIC_PINOUT,radxa_nx5_260_pinout_v1100.xlsx
182,1A0-PCIE20X1_1CLKREQN,G40,PCIE,PCIE20X1_1_CLKREQN_M2|DP0_HPDIN_M2|I2C2_SDA_M4|UART6_RX_M1|SPI4_MISO_M2|GPIO1_A0_d,PUBLIC_PINOUT,radxa_nx5_260_pinout_v1100.xlsx
183,MIPI_CAM3_PDN_L,AV30,CAMERA,CIF_D10|SPI3_MISO_M3|GPIO3_C6_u,PUBLIC_PINOUT,radxa_nx5_260_pinout_v1100.xlsx
184,PHY1_MDI_0-,-,OTHER,,PUBLIC_PINOUT,radxa_nx5_260_pinout_v1100.xlsx
185,I2C0_SCL_M2,AH41,I2C,I2S1_SDO0_M1|CPU_BIG0_AVS|I2C0_SCL_M2|UART0_CTSN|UART1_TX_M2|SPI0_CS0_M0|HDMI_TX0_CEC_M1|GPIO0_D1_u,PUBLIC_PINOUT,radxa_nx5_260_pinout_v1100.xlsx
186,PHY1_MDI_0+,-,OTHER,,PUBLIC_PINOUT,radxa_nx5_260_pinout_v1100.xlsx
187,I2C0_SDA_M2,AG41,I2C,I2S1_SDO1_M1|I2C0_SDA_M2|UART1_RX_M2|SPI3_MOSI_M2|GPIO0_D2_u,PUBLIC_PINOUT,radxa_nx5_260_pinout_v1100.xlsx
188,LEFT-LINK,-,OTHER,,PUBLIC_PINOUT,radxa_nx5_260_pinout_v1100.xlsx
189,BT_WAKE_HOST_H,AG38,WIFI_BT_CTRL,I2S1_SDI0_M1|GPU_AVS|UART0_TX_M0|I2C4_SCL_M2|PWM4_M0|GPIO0_C5_u,PUBLIC_PINOUT,radxa_nx5_260_pinout_v1100.xlsx
190,PHY1_MDI_1-,-,OTHER,,PUBLIC_PINOUT,radxa_nx5_260_pinout_v1100.xlsx
191,CC_INT0_L,AL38,OTHER,I2S1_LRCK_RX_M1|PDM0_CLK1_M1|PWM2_M0|UART0_RX_M0|I2C4_SDA_M2|DP0_HPDIN_M1|GPIO0_C4_d,PUBLIC_PINOUT,radxa_nx5_260_pinout_v1100.xlsx
192,PHY1_MDI_1+,-,OTHER,,PUBLIC_PINOUT,radxa_nx5_260_pinout_v1100.xlsx
193,I2S0_SDO0,P41,AUDIO,I2S0_SDO0|I2C4_SCL_M4|UART4_CTSN|GPIO1_C7_d,PUBLIC_PINOUT,radxa_nx5_260_pinout_v1100.xlsx
194,RIGHT-ACT,-,OTHER,,PUBLIC_PINOUT,radxa_nx5_260_pinout_v1100.xlsx
195,I2S0_SDI0,N42,AUDIO,I2S0_SDI0|GPIO1_D4_d,PUBLIC_PINOUT,radxa_nx5_260_pinout_v1100.xlsx
196,PHY1_MDI_2-,-,OTHER,,PUBLIC_PINOUT,radxa_nx5_260_pinout_v1100.xlsx
197,I2S0_LRCK_TX,P39,AUDIO,I2S0_LRCK_TX|I2C2_SCL_M3|UART4_RTSN|GPIO1_C5_d,PUBLIC_PINOUT,radxa_nx5_260_pinout_v1100.xlsx
198,PHY1_MDI_2+,-,OTHER,,PUBLIC_PINOUT,radxa_nx5_260_pinout_v1100.xlsx
199,I2S0_SCLK_TX,M42,AUDIO,I2S0_SCLK_TX|I2C6_SCL_M1|UART3_CTSN|PWM7_IR_M2|SPI4_CS0_M0|GPIO1_C3_d,PUBLIC_PINOUT,radxa_nx5_260_pinout_v1100.xlsx
200,GND,-,GND,,PUBLIC_PINOUT,radxa_nx5_260_pinout_v1100.xlsx
201,GND,-,GND,,PUBLIC_PINOUT,radxa_nx5_260_pinout_v1100.xlsx
202,PHY1_MDI_3-,,OTHER,,PUBLIC_PINOUT,radxa_nx5_260_pinout_v1100.xlsx
203,UART9-TX,AW30,UART_DEBUG,MCU_JTAG_TMS_M1|UART9_TX_M2|PWM11_IR_M3|SPI0_CS1_M3|GPIO3_D5_d,PUBLIC_PINOUT,radxa_nx5_260_pinout_v1100.xlsx
204,PHY1_MDI_3+,-,OTHER,,PUBLIC_PINOUT,radxa_nx5_260_pinout_v1100.xlsx
205,UART9-RX,AV31,UART_DEBUG,HDMI_TX0_HPD_M1|MCU_JTAG_TCK_M1|UART9_RX_M2|SPI0_CS0_M3|GPIO3_D4_d,PUBLIC_PINOUT,radxa_nx5_260_pinout_v1100.xlsx
206,RK803_EN2_PRO,AV23,OTHER,CIF_VSYNC|BT1120_D9|I2S1_SDO2_M0|PCIE20X1_2_BUTTON_RSTN|I2C7_SDA_M3|UART8_CTSN_M0|PWM15_IR_M1|CAN1_TX_M1,PUBLIC_PINOUT,radxa_nx5_260_pinout_v1100.xlsx
207,UART9-RTSN,AY30,UART_DEBUG,CIF_D14|I2C7_SCL_M2|UART9_RTSN_M2|SPI0_MOSI_M3|GPIO3_D2_d,PUBLIC_PINOUT,radxa_nx5_260_pinout_v1100.xlsx
208,SDMMC_DET_L,AC38,STORAGE_SDMMC,SDMMC_DET|GPIO0_A4_u,PUBLIC_PINOUT,radxa_nx5_260_pinout_v1100.xlsx
209,UART9-CTSN,AY31,UART_DEBUG,CIF_D15|I2C7_SDA_M2|UART9_CTSN_M2|PWM10_M2|SPI0_CLK_M3|GPIO3_D3_d,PUBLIC_PINOUT,radxa_nx5_260_pinout_v1100.xlsx
210,32KOUT_WIFI,AD38,WIFI_BT_CTRL,CLK32K_IN|CLK32K_OUT0|GPIO0_B2_u,PUBLIC_PINOUT,radxa_nx5_260_pinout_v1100.xlsx
211,USB_HOST_PWREN_H,AU23,USB,BT1120_D11|UART9_RX_M1|PWM12_M1|SPI3_MISO_M1|GPIO4_B5_d,PUBLIC_PINOUT,radxa_nx5_260_pinout_v1100.xlsx
212,I2S0_MCLK,U36,AUDIO,I2S0_MCLK|I2C6_SDA_M1|UART3_RTSN|PWM3_IR_M2|SPI4_CLK_M0|GPIO1_C2_d,PUBLIC_PINOUT,radxa_nx5_260_pinout_v1100.xlsx
213,GAUGE_ALRT,AG39,OTHER,I2S1_SDI3_M1|PDM0_SDI1_M1|I2C6_SCL_M0|UART1_CTSN_M2|PWM7_IR_M0|SPI3_MISO_M2|GPIO0_D0_d,PUBLIC_PINOUT,radxa_nx5_260_pinout_v1100.xlsx
214,SARADC_VIN0_BOOT,AW15,ADC,SARADC_IN0_BOOT,PUBLIC_PINOUT,radxa_nx5_260_pinout_v1100.xlsx
215,WIFI_REG_ON_H,AL40,WIFI_BT_CTRL,I2S1_SDI2_M1|PDM0_SDI0_M1|I2C6_SDA_M0|UART1_RTSN_M2|PWM6_M0|SPI0_MISO_M0|GPIO0_C7_d,PUBLIC_PINOUT,radxa_nx5_260_pinout_v1100.xlsx
216,WIFI_WAKE_HOST_H,W38,WIFI_BT_CTRL,REFCLK_OUT|GPIO0_A0_d,PUBLIC_PINOUT,radxa_nx5_260_pinout_v1100.xlsx
217,GND,-,GND,,PUBLIC_PINOUT,radxa_nx5_260_pinout_v1100.xlsx
218,RTC_INT_L,AC37,RTC,SPI2_CS1_M2|I2C1_SCL_M1|UART0_RX_M1|GPIO0_B0_z,PUBLIC_PINOUT,radxa_nx5_260_pinout_v1100.xlsx
219,SDMMC_D0,AV2,STORAGE_SDMMC,SDMMC_D0|PDM1_SDI3_M0|JTAG_TCK_M1|I2C3_SCL_M4|UART2_TX_M1|PWM8_M1|GPIO4_D0_u,PUBLIC_PINOUT,radxa_nx5_260_pinout_v1100.xlsx
220,LCD_BL_PWM14_M1,AT15,DISPLAY_CTRL,CIF_HREF|BT1120_D8|I2S1_SDO1_M0|PCIE20X1_1_BUTTON_RSTN|I2C7_SCL_M3|UART8_RTSN_M0|PWM14_M1|SPI0_CS0_M1,PUBLIC_PINOUT,radxa_nx5_260_pinout_v1100.xlsx
221,SDMMC_D1,AR2,STORAGE_SDMMC,SDMMC_D1|PDM1_SDI2_M0|JTAG_TMS_M1|I2C3_SDA_M4|UART2_RX_M1|PWM9_M1|GPIO4_D1_u,PUBLIC_PINOUT,radxa_nx5_260_pinout_v1100.xlsx
222,SPK_CTL_H,AU15,OTHER,CIF_D5|BT1120_D5|I2S1_SDI0_M0|I2C3_SDA_M2|UART3_TX_M2|SPI2_MOSI_M1|GPIO4_A5_d,PUBLIC_PINOUT,radxa_nx5_260_pinout_v1100.xlsx
223,SDMMC_D2,AV1,STORAGE_SDMMC,SDMMC_D2|PDM1_SDI1_M0|JTAG_TCK_M0|I2C8_SCL_M0|UART5_CTSN_M0|GPIO4_D2_u,PUBLIC_PINOUT,radxa_nx5_260_pinout_v1100.xlsx
224,4A2-PCIE20X1_1PERSTN,AV26,PCIE,CIF_D2|BT1120_D2|I2S1_LRCK_TX_M0|PCIE20X1_1_PERSTN_M1|SPI0_CLK_M1|GPIO4_A2_d,PUBLIC_PINOUT,radxa_nx5_260_pinout_v1100.xlsx
225,SDMMC_D3,AT1,STORAGE_SDMMC,SDMMC_D3|PDM1_SDI0_M0|JTAG_TMS_M0|I2C8_SDA_M0|UART5_RTSN_M0|PWM10_M1|GPIO4_D3_u,PUBLIC_PINOUT,radxa_nx5_260_pinout_v1100.xlsx
226,4A1,AW18,OTHER,CIF_D1|BT1120_D1|I2S1_SCLK_TX_M0|PCIE20X1_1_WAKEN_M1|UART9_CTSN_M1|SPI0_MOSI_M1|GPIO4_A1_d,PUBLIC_PINOUT,radxa_nx5_260_pinout_v1100.xlsx
227,SDMMC_CMD,AU1,STORAGE_SDMMC,SDMMC_CMD|PDM1_CLK1_M0|MCU_JTAG_TCK_M0|CAN0_TX_M1|UART5_RX_M0|PWM7_IR_M1|GPIO4_D4_u,PUBLIC_PINOUT,radxa_nx5_260_pinout_v1100.xlsx
228,1A1-PCIE20X1_1WAKE,L40,PCIE,PCIE20X1_1_WAKEN_M2|I2C2_SCL_M4|UART6_TX_M1|SPI4_MOSI_M2|GPIO1_A1_d,PUBLIC_PINOUT,radxa_nx5_260_pinout_v1100.xlsx
229,SDMMC_CLK,AR1,STORAGE_SDMMC,SDMMC_CLK|PDM1_CLK0_M0|TEST_CLKOUT_M0|MCU_JTAG_TMS_M0|CAN0_RX_M1|UART5_TX_M0|GPIO4_D5_d,PUBLIC_PINOUT,radxa_nx5_260_pinout_v1100.xlsx
230,HP_DET_L,R38,OTHER,I2C3_SDA_M0|UART3_RX_M0|SPI4_MISO_M0|GPIO1_C0_z,PUBLIC_PINOUT,radxa_nx5_260_pinout_v1100.xlsx
231,GND,-,GND,,PUBLIC_PINOUT,radxa_nx5_260_pinout_v1100.xlsx
232,I2C3-SCL,AY34,I2C,GMAC1_PTP_REF_CLK|I2C3_SCL_M1|SPI1_MOSI_M1|GPIO3_B7_d,PUBLIC_PINOUT,radxa_nx5_260_pinout_v1100.xlsx
233,SHUTDOWN-REQ,U35,SYS_CTRL,I2S0_SCLK_RX|PDM0_CLK1_M0|I2C2_SDA_M3|PWM11_IR_M2|SPI4_CS1_M0|GPIO1_C4_d,PUBLIC_PINOUT,radxa_nx5_260_pinout_v1100.xlsx
234,I2C3-SDA,AR36,I2C,GMAC1_PPSTRIG|I2C3_SDA_M1|UART7_TX_M1|SPI1_MISO_M1|GPIO3_C0_d,PUBLIC_PINOUT,radxa_nx5_260_pinout_v1100.xlsx
235,BBAT,,OTHER,,PUBLIC_PINOUT,radxa_nx5_260_pinout_v1100.xlsx
236,UART2-TX,AH39,UART_DEBUG,I2S1_MCLK_M1|JTAG_TCK_M2|I2C1_SCL_M0|UART2_TX_M0|PCIE20X1_1_CLKREQN_M0|GPIO0_B5_d,PUBLIC_PINOUT,radxa_nx5_260_pinout_v1100.xlsx
237,POWER-EN,,OTHER,,PUBLIC_PINOUT,radxa_nx5_260_pinout_v1100.xlsx
238,UART2-RX,AH40,UART_DEBUG,I2S1_SCLK_TX_M1|JTAG_TMS_M2|I2C1_SDA_M0|UART2_RX_M0|PCIE20X1_1_WAKEN_M0|GPIO0_B6_d,PUBLIC_PINOUT,radxa_nx5_260_pinout_v1100.xlsx
239,PMIC_RESET_L,,SYS_CTRL,NPOR,PUBLIC_PINOUT,radxa_nx5_260_pinout_v1100.xlsx
240,SLEEP-WAKE,N41,OTHER,I2C3_SCL_M0|UART3_TX_M0|SPI4_MOSI_M0|GPIO1_C1_z,PUBLIC_PINOUT,radxa_nx5_260_pinout_v1100.xlsx
241,GND,-,GND,,PUBLIC_PINOUT,radxa_nx5_260_pinout_v1100.xlsx
242,GND,-,GND,,PUBLIC_PINOUT,radxa_nx5_260_pinout_v1100.xlsx
243,GND,-,GND,,PUBLIC_PINOUT,radxa_nx5_260_pinout_v1100.xlsx
244,GND,-,GND,,PUBLIC_PINOUT,radxa_nx5_260_pinout_v1100.xlsx
245,GND,-,GND,,PUBLIC_PINOUT,radxa_nx5_260_pinout_v1100.xlsx
246,GND,-,GND,,PUBLIC_PINOUT,radxa_nx5_260_pinout_v1100.xlsx
247,GND,-,GND,,PUBLIC_PINOUT,radxa_nx5_260_pinout_v1100.xlsx
248,GND,-,GND,,PUBLIC_PINOUT,radxa_nx5_260_pinout_v1100.xlsx
249,GND,-,GND,,PUBLIC_PINOUT,radxa_nx5_260_pinout_v1100.xlsx
250,GND,-,GND,,PUBLIC_PINOUT,radxa_nx5_260_pinout_v1100.xlsx
251,VCC_SYSIN,-,POWER_5V,,PUBLIC_PINOUT,radxa_nx5_260_pinout_v1100.xlsx
252,VCC_SYSIN,-,POWER_5V,,PUBLIC_PINOUT,radxa_nx5_260_pinout_v1100.xlsx
253,VCC_SYSIN,-,POWER_5V,,PUBLIC_PINOUT,radxa_nx5_260_pinout_v1100.xlsx
254,VCC_SYSIN,-,POWER_5V,,PUBLIC_PINOUT,radxa_nx5_260_pinout_v1100.xlsx
255,VCC_SYSIN,-,POWER_5V,,PUBLIC_PINOUT,radxa_nx5_260_pinout_v1100.xlsx
256,VCC_SYSIN,-,POWER_5V,,PUBLIC_PINOUT,radxa_nx5_260_pinout_v1100.xlsx
257,VCC_SYSIN,-,POWER_5V,,PUBLIC_PINOUT,radxa_nx5_260_pinout_v1100.xlsx
258,VCC_SYSIN,-,POWER_5V,,PUBLIC_PINOUT,radxa_nx5_260_pinout_v1100.xlsx
259,VCC_SYSIN,-,POWER_5V,,PUBLIC_PINOUT,radxa_nx5_260_pinout_v1100.xlsx
260,VCC_SYSIN,-,POWER_5V,,PUBLIC_PINOUT,radxa_nx5_260_pinout_v1100.xlsx
